<?xml version="1.0" encoding="UTF-8"?>
<window>
	<defaultcontrol always="true">5</defaultcontrol>
	<coordinates>
		<system>1</system>
		<left>399</left>
		<top>180</top>
	</coordinates>
	<include>dialogeffect</include>
	<controls>
		<control type="group">
			<control type="image">
				<description>background image</description>
				<left>0</left>
				<top>0</top>
				<width>1122</width>
				<height>720</height>
				<texture border="40">dialogs/default/bg.png</texture>
			</control>
			<control type="label" id="2">
				<description>header label</description>
				<left>30</left>
				<top>32</top>
				<width>1062</width>
				<height>40</height>
				<font>font15_title</font>
				<label>13406</label>
				<align>center</align>
				<textcolor>dialogheader</textcolor>
			</control>
			<control type="image">
				<left>30</left>
				<top>86</top>
				<width>1060</width>
				<height>602</height>
				<texture border="5">dialogs/default/inner.png</texture>
			</control>
			<control type="list" id="5">
				<left>31</left>
				<top>88</top>
				<width>1058</width>
				<height>600</height>
				<onup>5</onup>
				<ondown>5</ondown>
				<onleft>60</onleft>
				<onright>60</onright>
				<pagecontrol>60</pagecontrol>
				<scrolltime tween="quadratic" easing="out">200</scrolltime>
				<itemlayout height="60" width="1058">
					<control type="image">
						<width>1058</width>
						<height>60</height>
						<texture border="1">separator2.png</texture>
					</control>
					<control type="label">
						<width>1058</width>
						<height>60</height>
						<font>font15</font>
						<textcolor>labelheader</textcolor>
						<selectedcolor>selected</selectedcolor>
						<label>$INFO[ListItem.Label]</label>
						<textoffsetx>15</textoffsetx>
					</control>
					<control type="label">
						<left>1058</left>
						<width>1058</width>
						<height>60</height>
						<font>font15</font>
						<align>right</align>
						<textcolor>grey</textcolor>
						<selectedcolor>selected</selectedcolor>
						<label>$INFO[ListItem.Label2]</label>
						<textoffsetx>15</textoffsetx>
					</control>
				</itemlayout>
				<focusedlayout height="60" width="1058">
					<control type="image">
						<width>1058</width>
						<height>60</height>
						<texture border="1">separator2.png</texture>
					</control>
					<control type="image">
						<top>0</top>
						<width>1058</width>
						<height>60</height>
						<texture border="4">listselect_fo.png</texture>
						<visible>Control.HasFocus(5)</visible>
						<include>VisibleFadeEffect</include>
					</control>
					<control type="label">
						<width>1058</width>
						<height>60</height>
						<font>font15</font>
						<textcolor>white</textcolor>
						<selectedcolor>selected</selectedcolor>
						<label>$INFO[ListItem.Label]</label>
						<animation effect="fade" start="100" end="70" time="300" tween="sine" easing="inout" condition="!Control.HasFocus(5)">Conditional</animation>
						<textoffsetx>15</textoffsetx>
					</control>
					<control type="label">
						<left>1058</left>
						<width>1058</width>
						<height>60</height>
						<font>font15</font>
						<align>right</align>
						<textcolor>white</textcolor>
						<selectedcolor>selected</selectedcolor>
						<label>$INFO[ListItem.Label2]</label>
						<animation effect="fade" start="100" end="70" time="300" tween="sine" easing="inout" condition="!Control.HasFocus(5)">Conditional</animation>
						<textoffsetx>15</textoffsetx>
					</control>
				</focusedlayout>
			</control>
			<control type="scrollbar" id="60">
				<left>1092</left>
				<top>88</top>
				<height>600</height>
				<width>14</width>
				<onleft>5</onleft>
				<onright>5</onright>
				<ondown>60</ondown>
				<onup>60</onup>
				<showonepage>false</showonepage>
				<texturesliderbackground>-</texturesliderbackground>
				<texturesliderbar colordiffuse="55ffffff" border="4">scrollbar/texturesliderbar3.png</texturesliderbar>
				<texturesliderbarfocus border="4">scrollbar/texturesliderbar3.png</texturesliderbarfocus>
				<animation effect="slide" start="0" end="157" time="0" tween="quadratic" condition="Control.IsVisible(3) + !Control.IsVisible(5)">Conditional</animation>
			</control>
		</control>
	</controls>
</window>