<?xml version="1.0" encoding="UTF-8"?>
<includes>
	<!-- Video InfoWall -->
	<include name="VideoInfoWall">
		<control type="group">
			<visible>Control.IsVisible(51) + !Window.IsActive(addoninformation)</visible>
			<include>ViewAnimation</include>
			<top>-65</top>
			<control type="image">
				<description>background image</description>
				<left>90</left>
				<top>1080</top>
				<width>1740</width>
				<height>964</height>
				<texture border="40">panel_reflect.png</texture>
			</control>
			<control type="image">
				<description>background image</description>
				<left>90</left>
				<top>148</top>
				<width>1740</width>
				<height>964</height>
				<texture border="40">listpanel_back.png</texture>
			</control>
			<control type="panel" id="51">
				<left>120</left>
				<top>179</top>
				<width>1000</width>
				<height>900</height>
				<onleft condition="Control.IsVisible(60)">60</onleft>
				<onleft condition="!Control.IsVisible(60)">SetProperty(MediaMenu,True,home)</onleft>
				<onleft condition="!Control.IsVisible(60)">SetFocus(9050)</onleft>
				<onright>61</onright>
				<onup>51</onup>
				<ondown>51</ondown>
				<pagecontrol>60</pagecontrol>
				<preloaditems>2</preloaditems>
				<viewtype label="InfoWall">icons</viewtype>
				<scrolltime tween="quadratic" easing="out">300</scrolltime>
				<visible>Container.Content(tvshows) | Container.Content(movies)</visible>
				<itemlayout height="300" width="200">
					<control type="image">
						<width>200</width>
						<height>300</height>
						<aspectratio>scale</aspectratio>
						<texture background="true">$VAR[PosterThumb]</texture>
						<fadetime>400</fadetime>
						<bordertexture border="2">thumbs/panel_border3.png</bordertexture>
						<bordersize>2</bordersize>
						<colordiffuse>BAffffff</colordiffuse>
					</control>
					<control type="image">
						<left>120</left>
						<top>0</top>
						<width>80</width>
						<height>80</height>
						<texture>$VAR[OverlayVar]</texture>
						<aspectratio align="center" aligny="top">keep</aspectratio>
						<bordersize>1</bordersize>
					</control>
					<control type="group">
						<left>15</left>
						<top>15</top>
						<include condition="Skin.HasSetting(Disable.UnwatchedIcon)">UnwatchedIcon</include>
					</control>
				</itemlayout>
				<focusedlayout height="300" width="200">
					<control type="group">
						<animation type="Focus" reversible="false">
							<effect type="zoom" start="95" end="100" time="200" tween="sine" easing="inout" center="auto" />
							<effect type="fade" start="80" end="100" time="200" tween="sine" easing="in" />
						</animation>
						<control type="image">
							<width>200</width>
							<height>300</height>
							<aspectratio>scale</aspectratio>
							<texture background="true">$VAR[PosterThumb]</texture>
							<fadetime>400</fadetime>
							<bordertexture border="8">thumbs/thumbnail_focused.png</bordertexture>
							<bordersize>8</bordersize>
						</control>
						<control type="image">
							<left>120</left>
							<top>5</top>
							<width>80</width>
							<height>80</height>
							<texture>$VAR[OverlayVar]</texture>
							<aspectratio align="center" aligny="top">keep</aspectratio>
							<bordersize>2</bordersize>
						</control>
						<control type="group">
							<left>15</left>
							<top>15</top>
							<include condition="Skin.HasSetting(Disable.UnwatchedIcon)">UnwatchedIcon</include>
						</control>
					</control>
				</focusedlayout>
			</control>
			<control type="scrollbar" id="60">
				<left>104</left>
				<top>179</top>
				<width>14</width>
				<height>900</height>
				<onright>50</onright>
				<onleft>SetProperty(MediaMenu,True,home)</onleft>
				<onleft>SetFocus(9050)</onleft>
				<ondown>60</ondown>
				<onup>60</onup>
				<showonepage>false</showonepage>
				<texturesliderbackground>-</texturesliderbackground>
				<texturesliderbar colordiffuse="55ffffff" border="1">scrollbar/texturesliderbar2.png</texturesliderbar>
				<texturesliderbarfocus border="1">scrollbar/texturesliderbar2.png</texturesliderbarfocus>
				<animation effect="fade" start="100" end="0" time="500" delay="500" condition="!Control.HasFocus(60) + !Container.Scrolling">Conditional</animation>
			</control>
			<control type="image">
				<left>1120</left>
				<top>179</top>
				<width>680</width>
				<height>400</height>
				<aspectratio>scale</aspectratio>
				<texture background="true">$INFO[ListItem.Art(fanart)]</texture>
				<fadetime>400</fadetime>
				<bordertexture border="2">thumbs/panel_border3.png</bordertexture>
				<bordersize>2</bordersize>
			</control>
			<control type="label">
				<left>1120</left>
				<top>580</top>
				<width>628</width>
				<height>60</height>
				<font>font16_title</font>
				<textcolor>grey</textcolor>
				<scroll>true</scroll>
				<label>[B]$VAR[FloorLabelVar][/B]</label>
				<textoffsetx>15</textoffsetx>
			</control>
			<control type="image">
				<left>1748</left>
				<top>596</top>
				<width>42</width>
				<height>28</height>
				<aspectratio>keep</aspectratio>
				<texture>$VAR[UnFocusHDIndicator]</texture>
				<colordiffuse>grey</colordiffuse>
			</control>
			<control type="grouplist">
				<left>1120</left>
				<top>640</top>
				<width>680</width>
				<height>270</height>
				<control type="label">
					<label>$INFO[ListItem.Genre]</label>
					<width>680</width>
					<height>40</height>
					<include>ShowCaseInfoPanelButtonsValues</include>
					<visible>!IsEmpty(ListItem.Genre)</visible>
				</control>
				<control type="label">
					<label>$VAR[VideoSubLabelVar]</label>
					<width>680</width>
					<height>40</height>
					<include>ShowCaseInfoPanelButtonsValues</include>
				</control>
			</control>
			<control type="textbox">
				<label>$VAR[VideoPlotVar]</label>
				<top>734</top>
				<left>1135</left>
				<width>650</width>
				<height>342</height>
				<font>font14_textbox</font>
				<autoscroll time="3000" delay="4000" repeat="5000">Skin.HasSetting(Enable.AutoScroll) + !Control.HasFocus(61)</autoscroll>
				<pagecontrol>61</pagecontrol>
				<include>ShowCaseInfoPanelButtonsValues</include>
			</control>
			<control type="scrollbar" id="61">
				<left>1797</left>
				<top>734</top>
				<width>14</width>
				<height>342</height>
				<onleft>50</onleft>
				<onright>SetProperty(MediaMenu,True,home)</onright>
				<onright>SetFocus(9050)</onright>
				<ondown>61</ondown>
				<onup>61</onup>
				<showonepage>false</showonepage>
				<texturesliderbackground>-</texturesliderbackground>
				<texturesliderbar colordiffuse="55ffffff" border="1">scrollbar/texturesliderbar2.png</texturesliderbar>
				<texturesliderbarfocus border="1">scrollbar/texturesliderbar2.png</texturesliderbarfocus>
			</control>
		</control>
	</include>
	<!-- Music InfoWall -->
	<include name="MusicInfoWall">
		<control type="group">
			<visible>Control.IsVisible(51) + !Window.IsActive(addoninformation)</visible>
			<include>ViewAnimation</include>
			<top>-65</top>
			<control type="image">
				<description>background image</description>
				<left>140</left>
				<top>1080</top>
				<width>1640</width>
				<height>964</height>
				<texture border="40">panel_reflect.png</texture>
			</control>
			<control type="image">
				<description>background image</description>
				<left>140</left>
				<top>148</top>
				<width>1640</width>
				<height>964</height>
				<texture border="40">listpanel_back.png</texture>
			</control>
			<control type="panel" id="51">
				<left>170</left>
				<top>179</top>
				<width>900</width>
				<height>900</height>
				<onleft condition="Control.IsVisible(60)">60</onleft>
				<onleft condition="!Control.IsVisible(60)">SetProperty(MediaMenu,True,home)</onleft>
				<onleft condition="!Control.IsVisible(60)">SetFocus(9050)</onleft>
				<onright>61</onright>
				<onup>51</onup>
				<ondown>51</ondown>
				<pagecontrol>60</pagecontrol>
				<preloaditems>2</preloaditems>
				<viewtype label="InfoWall">icons</viewtype>
				<scrolltime tween="quadratic" easing="out">300</scrolltime>
				<visible>Container.Content(albums) | Container.Content(artists) | Container.Content(addons)</visible>
				<itemlayout height="300" width="300">
					<control type="image">
						<width>300</width>
						<height>300</height>
						<aspectratio>scale</aspectratio>
						<texture background="true">$INFO[ListItem.Icon]</texture>
						<fadetime>400</fadetime>
						<bordertexture border="2">thumbs/panel_border3.png</bordertexture>
						<bordersize>2</bordersize>
						<colordiffuse>BAffffff</colordiffuse>
					</control>
				</itemlayout>
				<focusedlayout height="300" width="300">
					<control type="group">
						<animation type="Focus" reversible="false">
							<effect type="zoom" start="95" end="100" time="200" tween="sine" easing="inout" center="auto" />
							<effect type="fade" start="80" end="100" time="200" tween="sine" easing="in" />
						</animation>
						<control type="image">
							<width>300</width>
							<height>300</height>
							<aspectratio>scale</aspectratio>
							<texture background="true">$INFO[ListItem.Icon]</texture>
							<fadetime>400</fadetime>
							<bordertexture border="8">thumbs/thumbnail_focused.png</bordertexture>
							<bordersize>8</bordersize>
						</control>
					</control>
				</focusedlayout>
			</control>
			<control type="scrollbar" id="60">
				<left>154</left>
				<top>179</top>
				<width>14</width>
				<height>900</height>
				<onright>50</onright>
				<onleft>SetProperty(MediaMenu,True,home)</onleft>
				<onleft>SetFocus(9050)</onleft>
				<ondown>60</ondown>
				<onup>60</onup>
				<showonepage>false</showonepage>
				<texturesliderbackground>-</texturesliderbackground>
				<texturesliderbar colordiffuse="55ffffff" border="1">scrollbar/texturesliderbar2.png</texturesliderbar>
				<texturesliderbarfocus border="1">scrollbar/texturesliderbar2.png</texturesliderbarfocus>
				<animation effect="fade" start="100" end="0" time="500" delay="500" condition="!Control.HasFocus(60) + !Container.Scrolling">Conditional</animation>
			</control>
			<control type="image">
				<left>1070</left>
				<top>179</top>
				<width>680</width>
				<height>400</height>
				<aspectratio>scale</aspectratio>
				<texture background="true" fallback="special://skin/backgrounds/fallback_music.jpg">$INFO[ListItem.Art(fanart)]</texture>
				<fadetime>400</fadetime>
				<bordertexture border="2">thumbs/panel_border3.png</bordertexture>
				<bordersize>2</bordersize>
			</control>
			<control type="label">
				<left>1070</left>
				<top>580</top>
				<width>680</width>
				<height>60</height>
				<font>font16_title</font>
				<textcolor>grey</textcolor>
				<scroll>true</scroll>
				<label>[B]$VAR[FloorLabelVar][/B]</label>
				<textoffsetx>15</textoffsetx>
			</control>
			<control type="grouplist">
				<left>1070</left>
				<top>640</top>
				<width>680</width>
				<height>270</height>
				<visible>Container.Content(albums)</visible>
				<control type="label">
					<label>$INFO[ListItem.Artist]</label>
					<width>680</width>
					<height>40</height>
					<include>ShowCaseInfoPanelButtonsValues</include>
				</control>
				<control type="label">
					<label>$INFO[ListItem.Year]$INFO[ListItem.Property(Album_Label), • ]</label>
					<width>680</width>
					<height>40</height>
					<include>ShowCaseInfoPanelButtonsValues</include>
				</control>
			</control>
			<control type="grouplist">
				<left>1070</left>
				<top>640</top>
				<width>680</width>
				<height>270</height>
				<visible>Container.Content(artists)</visible>
				<control type="label">
					<label>$INFO[ListItem.Property(Artist_Genre)]</label>
					<width>680</width>
					<height>40</height>
					<include>ShowCaseInfoPanelButtonsValues</include>
				</control>
				<control type="label">
					<label>$INFO[ListItem.Property(Artist_YearsActive)]</label>
					<width>680</width>
					<height>40</height>
					<include>ShowCaseInfoPanelButtonsValues</include>
				</control>
			</control>
			<control type="grouplist">
				<left>1070</left>
				<top>640</top>
				<width>680</width>
				<height>270</height>
				<visible>Container.Content(addons)</visible>
				<control type="label">
					<label>$INFO[ListItem.Property(Addon.Creator)]</label>
					<width>680</width>
					<height>40</height>
					<include>ShowCaseInfoPanelButtonsValues</include>
				</control>
				<control type="label">
					<label>$INFO[ListItem.Property(Addon.Version)]</label>
					<width>680</width>
					<height>40</height>
					<include>ShowCaseInfoPanelButtonsValues</include>
				</control>
			</control>
			<control type="textbox">
				<label>$VAR[MusicPlotVar]</label>
				<top>734</top>
				<left>1085</left>
				<width>650</width>
				<height>342</height>
				<font>font14_textbox</font>
				<autoscroll time="3000" delay="4000" repeat="5000">Skin.HasSetting(Enable.AutoScroll) + !Control.HasFocus(61)</autoscroll>
				<pagecontrol>61</pagecontrol>
				<include>ShowCaseInfoPanelButtonsValues</include>
			</control>
			<control type="scrollbar" id="61">
				<left>1747</left>
				<top>734</top>
				<width>14</width>
				<height>342</height>
				<onleft>50</onleft>
				<onright>SetProperty(MediaMenu,True,home)</onright>
				<onright>SetFocus(9050)</onright>
				<ondown>61</ondown>
				<onup>61</onup>
				<showonepage>false</showonepage>
				<texturesliderbackground>-</texturesliderbackground>
				<texturesliderbar colordiffuse="55ffffff" border="1">scrollbar/texturesliderbar2.png</texturesliderbar>
				<texturesliderbarfocus border="1">scrollbar/texturesliderbar2.png</texturesliderbarfocus>
			</control>
		</control>
	</include>
	<!-- Addon InfoWall -->
	<include name="AddonInfoWall">
		<control type="group">
			<visible>Control.IsVisible(51) + !Window.IsActive(addoninformation)</visible>
			<include>ViewAnimation</include>
			<top>-65</top>
			<control type="image">
				<description>background image</description>
				<left>140</left>
				<top>1080</top>
				<width>1640</width>
				<height>964</height>
				<texture border="40">panel_reflect.png</texture>
			</control>
			<control type="image">
				<description>background image</description>
				<left>140</left>
				<top>148</top>
				<width>1640</width>
				<height>964</height>
				<texture border="40">listpanel_back.png</texture>
			</control>
			<control type="panel" id="51">
				<left>170</left>
				<top>179</top>
				<width>900</width>
				<height>900</height>
				<onleft condition="Control.IsVisible(60)">60</onleft>
				<onleft condition="!Control.IsVisible(60)">SetProperty(MediaMenu,True,home)</onleft>
				<onleft condition="!Control.IsVisible(60)">SetFocus(9050)</onleft>
				<onright>61</onright>
				<onup>51</onup>
				<ondown>51</ondown>
				<pagecontrol>60</pagecontrol>
				<preloaditems>2</preloaditems>
				<viewtype label="InfoWall">icons</viewtype>
				<scrolltime tween="quadratic" easing="out">300</scrolltime>
				<visible>Container.Content(addons)</visible>
				<itemlayout height="300" width="300">
					<control type="image">
						<width>300</width>
						<height>300</height>
						<aspectratio>scale</aspectratio>
						<texture background="true">$INFO[ListItem.Icon]</texture>
						<fadetime>400</fadetime>
						<bordertexture border="2">thumbs/panel_border3.png</bordertexture>
						<bordersize>2</bordersize>
						<colordiffuse>BAffffff</colordiffuse>
					</control>
				</itemlayout>
				<focusedlayout height="300" width="300">
					<control type="group">
						<animation type="Focus" reversible="false">
							<effect type="zoom" start="95" end="100" time="200" tween="sine" easing="inout" center="auto" />
							<effect type="fade" start="80" end="100" time="200" tween="sine" easing="in" />
						</animation>
						<control type="image">
							<width>300</width>
							<height>300</height>
							<aspectratio>scale</aspectratio>
							<texture background="true">$INFO[ListItem.Icon]</texture>
							<fadetime>400</fadetime>
							<bordertexture border="8">thumbs/thumbnail_focused.png</bordertexture>
							<bordersize>8</bordersize>
						</control>
					</control>
				</focusedlayout>
			</control>
			<control type="scrollbar" id="60">
				<left>154</left>
				<top>179</top>
				<width>14</width>
				<height>900</height>
				<onright>50</onright>
				<onleft>SetProperty(MediaMenu,True,home)</onleft>
				<onleft>SetFocus(9050)</onleft>
				<ondown>60</ondown>
				<onup>60</onup>
				<showonepage>false</showonepage>
				<texturesliderbackground>-</texturesliderbackground>
				<texturesliderbar colordiffuse="55ffffff" border="1">scrollbar/texturesliderbar2.png</texturesliderbar>
				<texturesliderbarfocus border="1">scrollbar/texturesliderbar2.png</texturesliderbarfocus>
				<animation effect="fade" start="100" end="0" time="500" delay="500" condition="!Control.HasFocus(60) + !Container.Scrolling">Conditional</animation>
			</control>
			<control type="image">
				<left>1070</left>
				<top>179</top>
				<width>680</width>
				<height>400</height>
				<aspectratio>scale</aspectratio>
				<texture background="true" fallback="special://skin/backgrounds/default_settings.jpg">$INFO[ListItem.Art(fanart)]</texture>
				<fadetime>400</fadetime>
				<bordertexture border="2">thumbs/panel_border3.png</bordertexture>
				<bordersize>2</bordersize>
			</control>
			<control type="label">
				<left>1070</left>
				<top>580</top>
				<width>680</width>
				<height>60</height>
				<font>font16_title</font>
				<textcolor>grey</textcolor>
				<scroll>true</scroll>
				<label>[B]$VAR[FloorLabelVar][/B]</label>
				<textoffsetx>15</textoffsetx>
			</control>
			<control type="grouplist">
				<left>1070</left>
				<top>640</top>
				<width>680</width>
				<height>270</height>
				<control type="label">
					<label>$INFO[ListItem.Property(Addon.Creator)]</label>
					<width>680</width>
					<height>40</height>
					<include>ShowCaseInfoPanelButtonsValues</include>
				</control>
				<control type="label">
					<label>$INFO[ListItem.Property(Addon.Version)]</label>
					<width>680</width>
					<height>40</height>
					<include>ShowCaseInfoPanelButtonsValues</include>
				</control>
			</control>
			<control type="textbox">
				<label>$VAR[MusicPlotVar]</label>
				<top>734</top>
				<left>1085</left>
				<width>650</width>
				<height>342</height>
				<font>font14_textbox</font>
				<autoscroll time="3000" delay="4000" repeat="5000">Skin.HasSetting(Enable.AutoScroll) + !Control.HasFocus(61)</autoscroll>
				<pagecontrol>61</pagecontrol>
				<include>ShowCaseInfoPanelButtonsValues</include>
			</control>
			<control type="scrollbar" id="61">
				<left>1747</left>
				<top>734</top>
				<width>14</width>
				<height>342</height>
				<onleft>50</onleft>
				<onright>SetProperty(MediaMenu,True,home)</onright>
				<onright>SetFocus(9050)</onright>
				<ondown>61</ondown>
				<onup>61</onup>
				<showonepage>false</showonepage>
				<texturesliderbackground>-</texturesliderbackground>
				<texturesliderbar colordiffuse="55ffffff" border="1">scrollbar/texturesliderbar2.png</texturesliderbar>
				<texturesliderbarfocus border="1">scrollbar/texturesliderbar2.png</texturesliderbarfocus>
			</control>
		</control>
	</include>
</includes>