	<!-- Aeon MQ 5 -->

	<window id="624" type="dialog">
	<defaultcontrol>9911</defaultcontrol>
	<controls>
	<control type="button" id="9911">
	<include>InvisibleButton</include>
	<onleft>Dialog.Close(624)</onleft>
	<onright>Dialog.Close(624)</onright>
	<onup>Dialog.Close(624)</onup>
	<ondown>Dialog.Close(624)</ondown>
	</control>
	<control type="image">
	<posx>0</posx>
	<posy>0</posy>
	<width>1280</width>
	<height>720</height>
	<texture>black.png</texture>
	<colordiffuse>C3FFFFFF</colordiffuse>
	<include>Animation_Fade</include>
	</control>
	<control type="group" id="446">
	<animation type="WindowOpen" reversible="false">
	<effect type="slide" start="0,0" end="-505,0" time="500" easing="inout" tween="sine"/>
	<effect type="fade" start="0" end="100" time="500" />
	</animation>
	<animation type="WindowClose" reversible="false">
	<effect type="slide" start="-505,0" end="0,0" time="300" easing="inout" tween="cubic"/>
	<effect type="fade" start="100" end="0" time="300" />
	</animation>
	<posx>1280</posx>
	<posy>0</posy>
	<control type="image">
	<posx>-10</posx>
	<posy>0</posy>
	<width>30</width>
	<height>720</height>
	<texture flipx="true">shadow.png</texture>
	<colordiffuse>C3FFFFFF</colordiffuse>
	</control>
	<control type="image">
	<posx>20</posx>
	<posy>0</posy>
	<width>520</width>
	<height>720</height>
	<texture>darkgrey.png</texture>
	</control>
	<control type="label">
	<posx>40</posx>
	<posy>20</posy>
	<width>450</width>
	<height>30</height>
	<label>31911</label>
	<font>Font_23</font>
	<textcolor>FFFFFAF0</textcolor>
	<align>left</align>
	<aligny>center</aligny>
	<include>Animation_Fade</include>
	</control>
	<control type="image">
	<posx>40</posx>
	<posy>70</posy>
	<width>450</width>
	<height>2</height>
	<texture>separator.png</texture>
	</control>
	<control type="textbox">
	<posx>40</posx>
	<posy>90</posy>
	<width>450</width>
	<height>500</height>
	<align>justify</align>
	<aligny>top</aligny>
	<font>Font_18A</font>
	<textcolor>FFFFFAF0</textcolor>
	<label>31257</label>
	<animation effect="fade" reversible="true" time="300">VisibleChange</animation>
	</control>
	</control>
	</controls>
	</window>