	<!-- Aeon MQ 5 -->

	<window id="623" type="dialog">
	<defaultcontrol>9006</defaultcontrol>
	<onunload>Skin.Reset(custom_trailer)</onunload>
	<zorder>3</zorder>
	<coordinates>
	<system>1</system>
	<posx>0</posx>
	<posy>0</posy>
	</coordinates>
	<controls>
	<control type="group">
	<posx>410</posx>
	<posy>120</posy>
	<include>Animation_DialogPopup</include>
	<control type="image">
	<posx>0</posx>
	<posy>30</posy>
	<width>454</width>
	<height>39</height>
	<texture>gradient_focus.png</texture>
	<colordiffuse>$VAR[value_headercolor]</colordiffuse>
	</control>
	<control type="image">
	<posx>0</posx>
	<posy>0</posy>
	<width>454</width>
	<height>39</height>
	<texture>dialogs_context_nofocus.png</texture>
	<colordiffuse>F9FFFFFF</colordiffuse>
	</control>
	<control type="label">
	<posx>80</posx>
	<posy>8</posy>
	<width>300</width>
	<height>40</height>
	<align>center</align>
	<label>31415</label>
	<font>Font_20</font>
	<textcolor>$VAR[value_headercolor]</textcolor>
	</control>
	<control type="image" id="999"><!-- background image -->
	<posx>0</posx>
	<posy>0</posy>
	<width>456</width>
	<height>720</height>
	<texture>-</texture>
	</control>
	<control type="image" id="997"><!-- top image -->
	<posx>-2</posx>
	<posy>23</posy>
	<width>463</width>
	<height>27</height>
	<texture>dialogs_context_top.png</texture>
	</control>
	<control type="image" id="998"><!-- bottom image -->
	<posx>-2</posx>
	<posy>0</posy>
	<width>463</width>
	<height>27</height>
	<texture>dialogs_context_bottom.png</texture>
	</control>
	<control type="grouplist" id="996">
	<posx>0</posx>
	<posy>50</posy>
	<width>445</width>
	<height max="670">auto</height>
	<itemgap>0</itemgap>
	<control type="button" id="9006">
	<include>DialogContext_Button</include>
	<onleft>Dialog.Close(623)</onleft>
	<onright>Dialog.Close(623)</onright>
	<onclick>Dialog.Close(623)</onclick>
	<onclick>RunScript(service.skin.widgets,movieid=$INFO[skin.string(custom_id)])</onclick>
	<label>31946</label>
	</control>
	<control type="button" id="9007">
	<include>DialogContext_Button</include>
	<onleft>Dialog.Close(623)</onleft>
	<onright>Dialog.Close(623)</onright>
	<onclick>Dialog.Close(623)</onclick>
	<onclick condition="!Skin.HasSetting(homefullscreentrailer)">SetFocus(9000)</onclick>
	<onclick condition="!Skin.HasSetting(homefullscreentrailer)">PlayMedia($INFO[skin.string(custom_trailer)],1)</onclick>
	<onclick condition="Skin.HasSetting(homefullscreentrailer)">PlayMedia($INFO[skin.string(custom_trailer)])</onclick>
	<label>31945</label>
	<visible>!IsEmpty(Skin.String(custom_trailer))</visible>
	</control>
	<control type="button" id="9008">
	<include>DialogContext_Button</include>
	<onleft>Dialog.Close(623)</onleft>
	<onright>Dialog.Close(623)</onright>
	<onclick>Dialog.Close(623)</onclick>
	<onclick>RunScript(script.cinema.experience,movieid=$INFO[skin.string(custom_id)])</onclick>
	<label>31066</label>
	<visible>System.HasAddon(script.cinema.experience)</visible>
	</control>
	</control>
	</control>
	</controls>
	</window>