	<!-- Aeon MQ 5 -->

	<window id="5600" type="dialog">
	<defaultcontrol>604</defaultcontrol>
	<controls>

	<!-- ######################################################################### Proximas faixas layout estilo default ######################################################################### -->
	<control type="group">
	<animation effect="slide" start="-1300,0" end="0,0" time="700" tween="sine" easing="inout" delay="1000">WindowOpen</animation>
	<animation effect="slide" start="-1300,0" end="0,0" time="700" tween="sine" easing="inout" delay="1000">Visible</animation>
	<animation effect="slide" start="0,0" end="-1300,0" time="400" tween="sine" easing="inout">WindowClose</animation>
	<animation effect="slide" start="0,0" end="-1300,0" time="400" tween="sine" easing="inout">Hidden</animation>
	<visible>![IsEmpty(MusicPlayer.offset(1).Artist) | Window.IsVisible(120) | Window.IsVisible(122) | Skin.HasSetting(novisfurniture) | Skin.HasSetting(nonexttracks_on)] + StringCompare(skin.string(vis_layout),default)</visible>
	<control type="image">
	<posx>0</posx>
	<posy>385</posy>
	<width>1280</width>
	<height>30</height>
	<texture flipy="true">shadow_h.png</texture>
	<colordiffuse>C3FFFFFF</colordiffuse>
	</control>
	<control type="image"><!-- Fundo -->
	<posx>0</posx>
	<posy>20</posy>
	<width>1280</width>
	<height>400</height>
	<texture>details_back.png</texture>
	<colordiffuse>$VAR[value_texturecolor]</colordiffuse>
	<include>Animation_HomeGlass</include>
	</control>
	<control type="label">
	<posx>40</posx>
	<posy>36</posy>
	<width>412</width>
	<height>29</height>
	<font>Font_21</font>
	<label>31325</label>
	<scroll>true</scroll>
	<scrollout>false</scrollout>
	<align>left</align>
	<aligny>center</aligny>
	<textcolor>FFFFFAF0</textcolor>
	<include>Animation_Widgets</include>
	</control>
	<control type="image">
	<posx>30</posx>
	<posy>64</posy>
	<width>412</width>
	<height>2</height>
	<align>left</align>
	<texture flipx="true">divider.png</texture>
	</control>
	<control type="button"><!-- Para Letras -->
	<posx>25</posx>
	<posy>346</posy>
	<width>250</width>
	<height>20</height>
	<label>31723</label>
	<font>Font_18A</font>
	<align>left</align>
	<textoffsetx>40</textoffsetx>
	<textcolor>80FFFAF0</textcolor>
	<focusedcolor>FFFFFAF0</focusedcolor>
	<texturefocus diffuse="gradient_button.png">settings_button_focus.png</texturefocus>
	<visible>!Skin.HasSetting(nolyrics_on)</visible>
	</control>
	<control type="image">
	<posx>40</posx>
	<posy>345</posy>
	<width>20</width>
	<height>20</height>
	<texture>arrow_left.png</texture>
	<colordiffuse>80FFFAF0</colordiffuse>
	<include>Animation_Fade</include>
	<visible>!Skin.HasSetting(nolyrics_on)</visible>
	</control>
	<control type="button"><!-- Para Menu -->
	<posx>1005</posx>
	<posy>346</posy>
	<width>250</width>
	<height>20</height>
	<label>31238</label>
	<font>Font_18A</font>
	<align>right</align>
	<textoffsetx>40</textoffsetx>
	<onclick>ActivateWindow(120)</onclick>
	<textcolor>80FFFAF0</textcolor>
	<focusedcolor>FFFFFAF0</focusedcolor>
	<texturefocus flipx="true" diffuse="gradient_button.png">settings_button_focus.png</texturefocus>
	<texturenofocus>-</texturenofocus>
	</control>
	<control type="image">
	<posx>1220</posx>
	<posy>345</posy>
	<width>20</width>
	<height>20</height>
	<texture flipx="true">arrow_left.png</texture>
	<colordiffuse>80FFFAF0</colordiffuse>
	<include>Animation_Fade</include>
	</control>
	<control type="panel" id="604">
	<posx>40</posx>
	<posy>75</posy>
	<width>1240</width>
	<height>240</height>
	<onup>604</onup>
	<ondown>604</ondown>
	<onleft condition="!Skin.HasSetting(nolyrics_on)">Close</onleft>
	<onright>ActivateWindow(120)</onright>
	<orientation>vertical</orientation>
	<pagecontrol>-</pagecontrol>
	<include>Animation_HomeFade</include>
	<visible>StringCompare(skin.string(vis_layout),default)</visible>
	<itemlayout width="400" height="30">
	<control type="image">
	<posx>2</posx>
	<posy>2</posy>
	<width>25</width>
	<height>25</height>
	<texture fallback="DefaultAudioCover.png" diffuse="thumb_poster_diffuse.png" background="true">$INFO[ListItem.Icon]</texture>
	<aspectratio align="center">stretch</aspectratio>
	</control>
	<control type="label">
	<posx>54</posx>
	<posy>3</posy>
	<width>50</width>
	<height>18</height>
	<align>right</align>
	<font>Font_18A</font>
	<label>$INFO[ListItem.Label]</label>
	<textcolor>$VAR[value_headercolor]</textcolor>
	</control>
	<control type="label">
	<posx>64</posx>
	<posy>3</posy>
	<width>330</width>
	<height>18</height>
	<align>left</align>
	<font>Font_18A</font>
	<label>$INFO[ListItem.Label2]</label>
	<textcolor>B5FFFAF0</textcolor>
	</control>
	</itemlayout>
	<focusedlayout width="400" height="30">
	<control type="image">
	<posx>0</posx>
	<posy>1</posy>
	<width>412</width>
	<height>25</height>
	<texture>gradient_focus.png</texture>
	<colordiffuse>$VAR[value_headercolor]</colordiffuse>
	</control>
	<control type="image">
	<posx>0</posx>
	<posy>28</posy>
	<width>29</width>
	<height>2</height>
	<texture>grey.png</texture>
	<aspectratio>stretch</aspectratio>
	<animation type="Focus" reversible="false">
	<effect type="slide" start="0,-20" end="0,0" time="400" tween="back" easing="out" />
	<effect type="fade" start="80" end="100" time="400" />
	</animation>
	</control>
	<control type="image">
	<posx>2</posx>
	<posy>2</posy>
	<width>25</width>
	<height>25</height>
	<texture fallback="DefaultAudioCover.png" diffuse="thumb_poster_diffuse.png" background="true">$INFO[ListItem.Icon]</texture>
	<aspectratio align="center">stretch</aspectratio>
	</control>
	<control type="label">
	<posx>54</posx>
	<posy>3</posy>
	<width>50</width>
	<height>18</height>
	<align>right</align>
	<font>Font_18A</font>
	<label>$INFO[ListItem.Label]</label>
	<textcolor>$VAR[value_headercolor]</textcolor>
	</control>
	<control type="label">
	<posx>64</posx>
	<posy>3</posy>
	<width>330</width>
	<height>18</height>
	<align>left</align>
	<font>Font_18A</font>
	<label>$INFO[ListItem.Label2]</label>
	<textcolor>FFFFFAF0</textcolor>
	</control>
	</focusedlayout>
	<include>NextTracksContent</include>
	</control>
	</control>
	</controls>
	</window>