	<!-- Aeon MQ 5 -->

	<window id="106">
	<defaultcontrol>1000</defaultcontrol>
	<zorder>3</zorder>
	<coordinates>
	<system>1</system>
	</coordinates>
	<include>Animation_DialogPopup</include>
	<animation effect="slide" time="0" tween="cubic" easing="out" end="400,0" condition="Window.IsVisible(146)">Conditional</animation>
	<controls>
	<control type="image">
	<posx>0</posx>
	<posy>-20</posy>
	<width>454</width>
	<height>39</height>
	<texture>gradient_focus.png</texture>
	<colordiffuse>$VAR[value_headercolor]</colordiffuse>
	</control>
	<control type="image">
	<posx>0</posx>
	<posy>-50</posy>
	<width>454</width>
	<height>39</height>
	<texture>dialogs_context_nofocus.png</texture>
	<colordiffuse>F9FFFFFF</colordiffuse>
	</control>
	<control type="label">
	<posx>80</posx>
	<posy>-42</posy>
	<width>300</width>
	<height>40</height>
	<align>center</align>
	<label>31178</label>
	<font>Font_20</font>
	<textcolor>$VAR[value_headercolor]</textcolor>
	</control>
	<control type="image" id="999"><!-- background image -->
	<posx>0</posx>
	<posy>-50</posy>
	<width>456</width>
	<height>720</height>
	<texture>-</texture>
	</control>
	<control type="image" id="997"><!-- top image -->
	<description>top image</description>
	<posx>-2</posx>
	<posy>-27</posy>
	<width>463</width>
	<height>27</height>
	<texture>-</texture>
	</control>
	<control type="image" id="998"><!-- bottom image -->
	<posx>-2</posx>
	<posy>-50</posy>
	<width>463</width>
	<height>27</height>
	<texture>-</texture>
	</control>
	<control type="grouplist" id="996">
	<posx>0</posx>
	<posy>0</posy>
	<width>454</width>
	<height max="670">auto</height>
	<itemgap>0</itemgap>
	<control type="button" id="1000">
	<include>DialogContext_Button</include>
	</control>
	<control type="button" id="1030">
	<include>DialogContext_Button</include>
	<onleft>Dialog.Close(106)</onleft>
	<onright>Dialog.Close(106)</onright>
	<onclick>RunScript(script.libraryeditor,DBID=$INFO[ListItem.DBID])</onclick>
	<label>31671</label>
	<visible>System.HasAddon(script.libraryeditor) + [Container.Content(Movies) | Container.Content(episodes)]</visible>
	</control>
	<control type="button" id="1031">
	<include>DialogContext_Button</include>
	<onleft>Dialog.Close(106)</onleft>
	<onright>Dialog.Close(106)</onright>
	<onclick condition="!Skin.HasSetting(fullscreentrailer)">SetFocus(9930)</onclick>
	<onclick condition="!Skin.HasSetting(fullscreentrailer)">PlayMedia($INFO[ListItem.Trailer],1)</onclick>
	<onclick condition="Skin.HasSetting(fullscreentrailer)">PlayMedia($INFO[ListItem.Trailer])</onclick>
	<label>31945</label>
	<visible>!IsEmpty(ListItem.Trailer)</visible>
	</control>
	<control type="button" id="1032">
	<include>DialogContext_Button</include>
	<onleft>Dialog.Close(106)</onleft>
	<onright>Dialog.Close(106)</onright>
	<onclick>ActivateWindow(111)</onclick>
	<label>31243</label>
	</control>
	<control type="button" id="9325"><!-- ArtWork Downloader Solo Mode-->
	<include>DialogContext_Button</include>
	<label>$VAR[value_addon1_solo]</label>
	<onclick condition="Container.Content(tvshows)">XBMC.RunScript(script.artwork.downloader, mediatype=tvshow, dbid=$INFO[ListItem.DBID])</onclick>
	<onclick condition="Container.Content(movies)">XBMC.RunScript(script.artwork.downloader, mediatype=movie, dbid=$INFO[ListItem.DBID])</onclick>
	<onclick condition="Container.Content(musicvideos)">XBMC.RunScript(script.artwork.downloader, mediatype=musicvideos, dbid=$INFO[ListItem.DBID])</onclick>
	<onclick>SetFocus(51)</onclick>
	<visible>System.HasAddon(script.artwork.downloader) + [Container.Content(tvshows) | Container.Content(movies) | Container.Content(musicvideos)]</visible>
	</control>
	<control type="button" id="9326"><!-- ArtWork Downloader Gui Mode-->
	<include>DialogContext_Button</include>
	<label>$VAR[value_addon1_gui]</label>
	<onclick condition="Container.Content(tvshows)">XBMC.RunScript(script.artwork.downloader, mode=gui, mediatype=tvshow, dbid=$INFO[ListItem.DBID])</onclick>
	<onclick condition="Container.Content(movies)">XBMC.RunScript(script.artwork.downloader, mode=gui, mediatype=movie, dbid=$INFO[ListItem.DBID])</onclick>
	<onclick condition="Container.Content(musicvideos)">XBMC.RunScript(script.artwork.downloader, mode=gui, mediatype=musicvideo, dbid=$INFO[ListItem.DBID])</onclick>
	<onclick>SetFocus(51)</onclick>
	<visible>System.HasAddon(script.artwork.downloader) + [Container.Content(tvshows) | Container.Content(movies) | Container.Content(musicvideos)]</visible>
	</control>
	<control type="button" id="1033">
	<include>DialogContext_Button</include>
	<onleft>Dialog.Close(106)</onleft>
	<onright>Dialog.Close(106)</onright>
	<onclick>RunScript(script.trakt,action=contextmenu)</onclick>
	<label>trakt</label>
	<visible>System.HasAddon(script.trakt)</visible>
	</control>
	</control>
	</controls>
	</window>