	<!-- Aeon MQ 5 -->

	<includes>
	<!--##################################################################################   VISTA RIGHT LIST - ID 59   ##################################################################################-->
	<include name="RightListLabel">
	<posx>0</posx>
	<height>20</height>
	<width>400</width>
	<font>Font_18A</font>
	<aligny>top</aligny>
	<align>left</align>
	<textcolor>FFFFFAF0</textcolor>
	<textoffsetx>0</textoffsetx>
	<scroll>true</scroll>	
	</include>
	<include name="RightListDisc">
	<width>130</width>
	<height>130</height>
	<fadetime>FanartCrossFadeTime</fadetime>
	<aspectratio align="center" aligny="center">keep</aspectratio>
	<animation effect="rotate" start="0" end="-360" center="auto" time="40000" delay="5000" loop="true" reversible="false" condition="!Player.HasVideo">Conditional</animation>
	<include>Animation_ViewsCDart</include>
	</include>
	<include name="ViewRightList">
	<control type="group"><!-- default group -->
	<animation effect="fade" time="400">VisibleChange</animation>
	<visible>Control.IsVisible(59)</visible>
	<control type="button" id="9915">
	<include>InvisibleButton</include>
	<onup>59</onup>
	<ondown>59</ondown>
	<onleft>59</onleft>
	<onright>9920</onright>
	</control>
	<control type="group">
	<animation effect="slide" time="500" start="0,400" end="0,0" tween="cubic" easing="out">WindowOpen</animation>
	<animation effect="slide" time="500" start="0,400" end="0,0" tween="cubic" easing="out">Visible</animation>
	<animation effect="fade" time="200" start="100" end="0">Hidden</animation>
	<control type="image">
	<posx>0</posx>
	<posy>340</posy>
	<width>1280</width>
	<height>210</height>
	<texture>gradient_small.png</texture>
	<colordiffuse>E9FFFFFF</colordiffuse>
	<include>Animation_Fade</include>
	</control>
	<control type="image"><!-- Logo -->
	<posx>360</posx>
	<posy>440</posy>
	<width>300</width>
	<height>110</height>
	<texture background="true">$INFO[Skin.String(CustomMusicLogoPath)]$INFO[ListItem.Artist,,/logo.png]</texture>
	<aspectratio align="right" aligny="bottom">keep</aspectratio>
	<fadetime>FanartCrossFadeTime</fadetime>
	<visible>Window.IsActive(500) | Window.IsActive(501) | Window.IsActive(502)</visible>
	</control>
	<control type="image"><!-- clearlogo e clearart -->
	<posx>360</posx>
	<posy>440</posy>
	<width>300</width>
	<height>110</height>
	<texture background="true">$VAR[value_logoandclearart]</texture>
	<aspectratio align="right" aligny="bottom">keep</aspectratio>
	<fadetime>FanartCrossFadeTime</fadetime>
	<visible>Window.IsActive(25) + !Skin.HasSetting(noartrightlistvideo)</visible>
	</control>
	<control type="image">
	<posx>0</posx>
	<posy>521</posy>
	<width>1280</width>
	<height>30</height>
	<texture>shadow_h.png</texture>
	<colordiffuse>C3FFFFFF</colordiffuse>
	<include>Animation_Fade</include>
	</control>
	<control type="image">
	<posx>0</posx>
	<posy>650</posy>
	<width>1280</width>
	<height>30</height>
	<texture flipy="true">shadow_h.png</texture>
	<colordiffuse>C3FFFFFF</colordiffuse>
	</control>
	<control type="image">
	<posx>0</posx>
	<posy>550</posy>
	<width>1280</width>
	<height>100</height>
	<texture>darkgrey.png</texture>
	<colordiffuse>$VAR[value_texturecolor]</colordiffuse>
	<animation effect="fade" end="85" condition="true">Conditional</animation>
	</control>
	<control type="image">
	<posx>271</posx>
	<posy>550</posy>
	<width>30</width>
	<height>100</height>
	<texture flipx="true">shadow.png</texture>
	<colordiffuse>C3FFFFFF</colordiffuse>
	</control>
	<control type="image">
	<posx>300</posx>
	<posy>550</posy>
	<width>600</width>
	<height>100</height>
	<texture flipx="true" diffuse="shadow_mask_v.png">darkgrey.png</texture>
	<colordiffuse>$VAR[value_texturecolor]</colordiffuse>
	<animation effect="fade" end="85" condition="true">Conditional</animation>
	</control>
	<control type="image">
	<posx>300</posx>
	<posy>550</posy>
	<width>400</width>
	<height>25</height>
	<texture flipx="true" diffuse="shadow_mask_v.png">darkgrey.png</texture>
	<colordiffuse>$VAR[value_texturecolor]</colordiffuse>
	<animation effect="fade" end="95" condition="true">Conditional</animation>
	</control>
	<control type="label"><!-- Year/Publisher -->
	<posx>320</posx>
	<posy>548</posy>
	<width>380</width>
	<height>13</height>
	<font>Font_22</font>
	<align>left</align>
	<textcolor>$VAR[value_headercolor]</textcolor>
	<label>$VAR[value_ground6_value]</label>
	<scroll>true</scroll>
	</control>

	<control type="grouplist"><!-- Painel de info -->
	<posx>320</posx>
	<posy>580</posy>
	<orientation>vertical</orientation>
	<itemgap>0</itemgap>
	<control type="label">
	<include>RightListLabel</include>
	<label>$VAR[value_ground11_label]: [COLOR=FFFFFAF0]$VAR[value_ground11_value][/COLOR]</label>
	</control>
	<control type="label">
	<include>RightListLabel</include>
	<label>$VAR[value_ground12_label]: [COLOR=FFFFFAF0]$VAR[value_ground12_value][/COLOR]</label>
	</control>
	<control type="label">
	<include>RightListLabel</include>
	<label>$VAR[value_ground13_label]: [COLOR=FFFFFAF0]$VAR[value_ground13_value][/COLOR]</label>
	<visible>!Container.Content(songs)</visible>
	</control>
	</control>
	
	<control type="image">
	<posx>600</posx>
	<posy>-70</posy>
	<width>680</width>
	<height>620</height>
	<texture diffuse="shadow_mask_v.png">darkgrey.png</texture>
	<colordiffuse>$VAR[value_texturecolor]</colordiffuse>
	<animation effect="fade" end="75" condition="true">Conditional</animation>
	</control>	
	<control type="image">
	<posx>720</posx>
	<posy>555</posy>
	<width>1</width>
	<height>90</height>
	<texture>line_v.png</texture>
	</control>
	<control type="textbox">
	<posx>920</posx>
	<posy>20</posy>
	<width>340</width>
	<height>496</height>
	<font>Font_18A</font>
	<label>$VAR[value_plot]</label>
	<autoscroll delay="30000" time="3000" repeat="30000">!Skin.HasSetting(noallowscroll)</autoscroll>
	<animation effect="slide" time="600" start="400,0" end="0,0" tween="cubic" easing="inout">Visible</animation>
	<animation effect="slide" time="400" start="0,0" end="400,0" tween="cubic" easing="inout">Hidden</animation>
	<visible>Control.HasFocus(9915)</visible>
	</control>
	<control type="fixedlist" id="59">
	<viewtype label="31828">list</viewtype>
	<posx>600</posx>
	<posy>20</posy>
	<width>680</width>
	<height>500</height>
	<pagecontrol>80</pagecontrol>
	<onleft>9900</onleft>
	<onright>80</onright>
	<focusposition>1</focusposition>
	<orientation>vertical</orientation>
	<scrolltime>450</scrolltime>
	<preloaditems>2</preloaditems>
	<animation effect="slide" start="0,0" end="600,0" time="600" easing="inout" tween="cubic" condition="Control.HasFocus(9915)">Conditional</animation>
	<animation effect="slide" start="0,0" end="-30,0" time="200" easing="inout" tween="cubic" condition="Control.HasFocus(80)">Conditional</animation>
	<animation effect="fade" start="100" end="20" time="200" condition="Window.IsVisible(621)">Conditional</animation>
	<visible>!Container.Content(years)</visible>
	<itemlayout condition="Window.IsActive(25) | Window.IsActive(500) | Window.IsActive(501) | Window.IsActive(502)" height="30">
	<control type="image">
	<posx>0</posx>
	<posy>0</posy>
	<width>680</width>
	<height>1</height>
	<texture diffuse="shadow_mask_v.png">line.png</texture>
	</control>
	<control type="label">
	<posx>645</posx>
	<posy>1</posy>
	<width>540</width>
	<height>30</height>
	<font>Font_20</font>
	<align>right</align>
	<aligny>center</aligny>
	<include>listcolor</include>
	<label>$INFO[ListItem.Label]</label>
	</control>
	<control type="image">
	<posx>650</posx>
	<posy>1</posy>
	<width>30</width>
	<height>30</height>
	<texture>$VAR[value_watchedstyle]</texture>
	<colordiffuse>$VAR[value_watchedcolor]</colordiffuse>
	<visible>!Skin.HasSetting(nooverlays) + StringCompare(ListItem.Overlay,OverlayWatched.png)</visible>
	</control>
	</itemlayout>
	<focusedlayout condition="IsEmpty(Control.GetLabel(5902)) | [Window.IsActive(25) + Skin.HasSetting(slimrightlistvideo) | [Window.IsActive(500) | Window.IsActive(501) | Window.IsActive(502)] + Skin.HasSetting(slimrightlistmusic)]" height="30">
	<control type="image">
	<posx>50</posx>
	<posy>0</posy>
	<width>630</width>
	<height>30</height>
	<texture diffuse="shadow_mask_v.png">settings_button_focus.png</texture>
	</control>
	<control type="label">
	<posx>645</posx>
	<posy>2</posy>
	<width>540</width>
	<height>30</height>
	<font>Font_22</font>
	<align>right</align>
	<aligny>center</aligny>
	<include>listcolorfocus</include>
	<label>$INFO[ListItem.Label]</label>
	</control>
	<control type="image">
	<posx>650</posx>
	<posy>10</posy>
	<width>30</width>
	<height>30</height>
	<texture>$VAR[value_watchedstyle]</texture>
	<colordiffuse>$VAR[value_watchedcolor]</colordiffuse>
	<visible>!Skin.HasSetting(nooverlays) + StringCompare(ListItem.Overlay,OverlayWatched.png)</visible>
	</control>
	</focusedlayout>
	<focusedlayout condition="!IsEmpty(Control.GetLabel(5902)) + [Window.IsActive(25) + !Skin.HasSetting(slimrightlistvideo) | [Window.IsActive(500) | Window.IsActive(501) | Window.IsActive(502)] + !Skin.HasSetting(slimrightlistmusic)]" height="50">
	<control type="image">
	<posx>50</posx>
	<posy>0</posy>
	<width>630</width>
	<height>50</height>
	<texture diffuse="shadow_mask_v.png">settings_button_focus.png</texture>
	</control>
	<control type="label">
	<posx>645</posx>
	<posy>2</posy>
	<width>540</width>
	<height>30</height>
	<font>Font_22</font>
	<align>right</align>
	<aligny>center</aligny>
	<include>listcolorfocus</include>
	<label>$INFO[ListItem.Label]</label>
	</control>
	<control type="label">
	<posx>645</posx>
	<posy>27</posy>
	<width>540</width>
	<height>16</height>
	<font>Font_18A</font>
	<align>right</align>
	<aligny>center</aligny>
	<include>subcolorfocus</include>
	<label>$VAR[value_listinfofocus]</label>
	<visible>!StringCompare(ListItem.Label,..)</visible>
	</control>
	<control type="image">
	<posx>650</posx>
	<posy>10</posy>
	<width>30</width>
	<height>30</height>
	<texture>$VAR[value_watchedstyle]</texture>
	<colordiffuse>$VAR[value_watchedcolor]</colordiffuse>
	<visible>!Skin.HasSetting(nooverlays) + StringCompare(ListItem.Overlay,OverlayWatched.png)</visible>
	</control>
	</focusedlayout>
	</control>
	<control type="textbox">
	<posx>740</posx>
	<posy>555</posy>
	<width>520</width>
	<height>92</height>
	<font>Font_18A</font>
	<label>$VAR[value_plot]</label>
	<autoscroll delay="8000" time="2000" repeat="8000">!Skin.HasSetting(noallowscroll)</autoscroll>
	<include>Animation_Fade</include>
	<animation effect="slide" start="0,0" end="9,0" time="200" condition="Control.HasFocus(80)">Conditional</animation>
	<visible>!Control.HasFocus(9915)</visible>
	</control>
	<control type="label" id="5901"><!-- Plot -->
	<include>InvisibleButton</include>
	<label>$VAR[value_plot]</label>
	</control>
	<control type="label" id="5902"><!-- Tag -->
	<include>InvisibleButton</include>
	<label>$VAR[value_listinfofocus]</label>
	</control>
	</control>

	<control type="group"><!-- Default Group - Miniaturas -->
	<posx>30</posx>
	<posy>200</posy>
	<visible>Control.IsVisible(59)</visible>
	<animation effect="slide" time="1000" start="-400,0" end="0,0" tween="cubic" easing="out">WindowOpen</animation>
	<animation effect="slide" time="1000" start="-400,0" end="0,0" tween="cubic" easing="out">Visible</animation>
	<animation effect="fade" time="400" start="100" end="0">Hidden</animation>

	<control type="group"><!-- CDART VIDEO -->
	<animation type="WindowOpen">
	<effect type="slide" start="-100,0" end="0,0" time="500" delay="500" tween="cubic" easing="out"/>
	<effect type="fade" start="0" end="100" time="500" delay="500"/>
	</animation>
	<animation type="Visible">
	<effect type="slide" start="-100,0" end="0,0" time="500" delay="500" tween="cubic" easing="out"/>
	<effect type="fade" start="0" end="100" time="500" delay="500"/>
	</animation>
	<animation effect="fade" start="100" end="0" time="200">WindowClose</animation>
	<animation type="Hidden">
	<effect type="slide" start="0,0" end="-100,0" time="300" tween="cubic" easing="out"/>
	<effect type="fade" start="100" end="0" time="200"/>
	</animation>
	<animation effect="slide" time="200" start="0,0" end="0,-20" tween="cubic" easing="out" condition="!Skin.HasSetting(norightlistvideocase)">Conditional</animation>
	<visible>![IsEmpty(ListItem.Art(discart)) | Skin.HasSetting(norightlistdiscart) | SubString(ListItem.Path,videodb://movies/sets,left)] + Window.IsActive(25) + Control.IsVisible(9923)</visible>
	<control type="image">
	<posx>112</posx>
	<posy>70</posy>
	<width>250</width>
	<height>250</height>
	<texture diffuse="cdart_diffuse.png" background="true">$INFO[ListItem.Art(discart)]</texture>
	<fadetime>FanartCrossFadeTime</fadetime>
	<aspectratio align="center" aligny="center">keep</aspectratio>
	<animation effect="rotate" start="0" end="-360" center="auto" time="40000" delay="5000" loop="true" reversible="false" condition="!Player.HasVideo">Conditional</animation>
	<include>Animation_ViewsCDart</include>
	</control>
	</control>
	
	<control type="grouplist"><!-- CDART SETS -->
	<posx>260</posx>
	<posy>210</posy>
	<orientation>horizontal</orientation>
	<itemgap>-97</itemgap>
	<animation type="WindowOpen">
	<effect type="slide" start="-100,0" end="0,0" time="500" delay="500" tween="cubic" easing="out"/>
	<effect type="fade" start="0" end="100" time="500" delay="500"/>
	</animation>
	<animation type="Visible">
	<effect type="slide" start="-100,0" end="0,0" time="500" delay="500" tween="cubic" easing="out"/>
	<effect type="fade" start="0" end="100" time="500" delay="500"/>
	</animation>
	<animation effect="fade" start="100" end="0" time="200">WindowClose</animation>
	<animation type="Hidden">
	<effect type="slide" start="0,0" end="-100,0" time="300" tween="cubic" easing="out"/>
	<effect type="fade" start="100" end="0" time="200"/>
	</animation>
	<visible>![IsEmpty(Window(0).Property(Set.Movie.1.Art(discart))) | Skin.HasSetting(norightlistdiscart)] + Window.IsActive(25) + SubString(ListItem.Path,videodb://movies/sets,left) + Control.IsVisible(9923)</visible>
	<control type="image">
	<include>RightListDisc</include>
	<texture diffuse="cdart_diffuse.png" background="true">$INFO[Window(0).Property(Set.Movie.1.Art(discart))]</texture>
	<visible>!IsEmpty(Window(0).Property(Set.Movie.1.Art(discart)))</visible>
	</control>
	<control type="image">
	<include>RightListDisc</include>
	<texture diffuse="cdart_diffuse.png" background="true">$INFO[Window(0).Property(Set.Movie.2.Art(discart))]</texture>
	<visible>!IsEmpty(Window(0).Property(Set.Movie.2.Art(discart)))</visible>
	</control>
	<control type="image">
	<include>RightListDisc</include>
	<texture diffuse="cdart_diffuse.png" background="true">$INFO[Window(0).Property(Set.Movie.3.Art(discart))]</texture>
	<visible>!IsEmpty(Window(0).Property(Set.Movie.3.Art(discart)))</visible>
	</control>
	<control type="image">
	<include>RightListDisc</include>
	<texture diffuse="cdart_diffuse.png" background="true">$INFO[Window(0).Property(Set.Movie.4.Art(discart))]</texture>
	<visible>!IsEmpty(Window(0).Property(Set.Movie.4.Art(discart)))</visible>
	</control>
	<control type="image">
	<include>RightListDisc</include>
	<texture diffuse="cdart_diffuse.png" background="true">$INFO[Window(0).Property(Set.Movie.5.Art(discart))]</texture>
	<visible>!IsEmpty(Window(0).Property(Set.Movie.5.Art(discart)))</visible>
	</control>
	<control type="image">
	<include>RightListDisc</include>
	<texture diffuse="cdart_diffuse.png" background="true">$INFO[Window(0).Property(Set.Movie.6.Art(discart))]</texture>
	<visible>!IsEmpty(Window(0).Property(Set.Movie.6.Art(discart)))</visible>
	</control>
	<control type="image">
	<include>RightListDisc</include>
	<texture diffuse="cdart_diffuse.png" background="true">$INFO[Window(0).Property(Set.Movie.7.Art(discart))]</texture>
	<visible>!IsEmpty(Window(0).Property(Set.Movie.7.Art(discart)))</visible>
	</control>
	<control type="image">
	<include>RightListDisc</include>
	<texture diffuse="cdart_diffuse.png" background="true">$INFO[Window(0).Property(Set.Movie.8.Art(discart))]</texture>
	<visible>!IsEmpty(Window(0).Property(Set.Movie.8.Art(discart)))</visible>
	</control>
	<control type="image">
	<include>RightListDisc</include>
	<texture diffuse="cdart_diffuse.png" background="true">$INFO[Window(0).Property(Set.Movie.9.Art(discart))]</texture>
	<visible>!IsEmpty(Window(0).Property(Set.Movie.9.Art(discart)))</visible>
	</control>
	<control type="image">
	<include>RightListDisc</include>
	<texture diffuse="cdart_diffuse.png" background="true">$INFO[Window(0).Property(Set.Movie.10.Art(discart))]</texture>
	<visible>!IsEmpty(Window(0).Property(Set.Movie.10.Art(discart)))</visible>
	</control>
	</control>

	<control type="group"><!-- VIDEO SEM ESTOJO -->
	<include>Animation_Fade</include>
	<visible>![!Skin.HasSetting(norightlistvideocase) + [Container.Content(movies) | Container.Content(musicvideos) | Container.Content(sets)] | Window.IsActive(500) | Window.IsActive(501) | Window.IsActive(502)]</visible>
	<control type="image"><!-- Filmes/Fotos/Arquivos reflexo -->
	<posx>-5</posx>
	<posy>419</posy>
	<width>245</width>
	<height>350</height>
	<fadetime>FanartCrossFadeTime</fadetime>
	<aspectratio align="center" aligny="top">keep</aspectratio>
	<texture flipy="true" diffuse="thumb_reflect.png" background="true">$VAR[value_poster]</texture>
	<bordertexture flipy="true" diffuse="thumb_reflect.png" border="-2">black.png</bordertexture>
	</control>
	<control type="image"><!-- Filmes/Fotos/Arquivos -->
	<posx>-5</posx>
	<posy>65</posy>
	<width>245</width>
	<height>350</height>
	<fadetime>FanartCrossFadeTime</fadetime>
	<aspectratio align="center" aligny="bottom">keep</aspectratio>
	<texture fallback="DefaultVideoPoster.png" background="true">$VAR[value_poster]</texture>
	<bordertexture border="-2">black.png</bordertexture>
	</control>
	</control>

	<control type="group"><!-- FILMES ESTOJO -->
	<include>Animation_Fade</include>
	<visible>!Skin.HasSetting(norightlistvideocase) + [Container.Content(movies) | Container.Content(musicvideos) | Container.Content(sets)]</visible>
	<control type="image"><!-- Poster reflexo -->
	<posx>-5</posx>
	<posy>436</posy>
	<width>245</width>
	<height>350</height>
	<fadetime>FanartCrossFadeTime</fadetime>
	<texture flipy="true" diffuse="thumb_reflect.png" background="true">$VAR[value_poster]</texture>
	<aspectratio>stretch</aspectratio>
	</control>
	<control type="image"><!-- Estojo reflexo -->
	<posx>-26</posx>
	<posy>400</posy>
	<width>304</width>
	<height>435</height>
	<fadetime>FanartCrossFadeTime</fadetime>
	<texture flipy="true" diffuse="thumb_box_reflect.png">$VAR[value_videocase0]</texture>
	<aspectratio>stretch</aspectratio>
	</control>
	<control type="image"><!-- Poster -->
	<posx>-5</posx>
	<posy>63</posy>
	<width>245</width>
	<height>350</height>
	<fadetime>FanartCrossFadeTime</fadetime>
	<texture fallback="DefaultVideoPoster.png" background="true">$VAR[value_poster]</texture>
	</control>
	<control type="image"><!-- Estojo -->
	<posx>-26</posx>
	<posy>8</posy>
	<width>304</width>
	<height>440</height>
	<fadetime>FanartCrossFadeTime</fadetime>
	<texture>$VAR[value_videocase0]</texture>
	</control>
	<control type="image"><!-- Codec -->
	<posx>88</posx>
	<posy>12</posy>
	<width>70</width>
	<height>70</height>
	<fadetime>FanartCrossFadeTime</fadetime>
	<align>center</align>
	<aligny>center</aligny>
	<aspectratio scalediffuse="true">keep</aspectratio>
	<texture>$VAR[value_videocodec0]</texture>
	</control>
	</control>

	<control type="group"><!-- MUSICA -->
	<include>Animation_Fade</include>
	<visible>[Window.IsActive(500) | Window.IsActive(501) | Window.IsActive(502)] + [Skin.HasSetting(norightlistaudiocase) | Container.Content(genres)]</visible>
	<control type="image"><!-- Musica reflexo -->
	<posx>-5</posx>
	<posy>420</posy>
	<width>245</width>
	<height>350</height>
	<fadetime>FanartCrossFadeTime</fadetime>
	<aspectratio align="center" aligny="top">keep</aspectratio>
	<texture flipy="true" diffuse="thumb_reflect.png" background="true">$VAR[value_poster]</texture>
	<bordertexture flipy="true" diffuse="thumb_reflect.png" border="-2">black.png</bordertexture>
	</control>
	<control type="image"><!-- Musica -->
	<posx>-5</posx>
	<posy>65</posy>
	<width>245</width>
	<height>350</height>
	<fadetime>FanartCrossFadeTime</fadetime>
	<aspectratio align="center" aligny="bottom">keep</aspectratio>
	<texture fallback="DefaultAudioCover.png" background="true">$VAR[value_poster]</texture>
	<bordertexture border="-2">black.png</bordertexture>
	</control>
	</control>

	<control type="group"><!-- MUSICA ESTOJO -->
	<include>Animation_Fade</include>
	<visible>[Window.IsActive(500) | Window.IsActive(501) | Window.IsActive(502)] + ![Skin.HasSetting(norightlistaudiocase) | Container.Content(genres)]</visible>
	<control type="image"><!-- Musica/Estojo reflexo-->
	<posx>18</posx>
	<posy>420</posy>
	<width>230</width>
	<height>230</height>
	<fadetime>FanartCrossFadeTime</fadetime>
	<aspectratio scalediffuse="false">stretch</aspectratio>
	<texture flipy="true" diffuse="thumb_box_diffuse_reflect.png" background="true">$VAR[value_poster]</texture>
	</control>
	<control type="image"><!-- Estojo reflexo -->
	<posx>-20</posx>
	<posy>418</posy>
	<width>278</width>
	<height>243</height>
	<texture flipy="true" diffuse="thumb_box_reflect.png">thumb_box_cd.png</texture>
	</control>
	<control type="image"><!-- Musica -->
	<posx>18</posx>
	<posy>194</posy>
	<width>230</width>
	<height>230</height>
	<fadetime>FanartCrossFadeTime</fadetime>
	<aspectratio scalediffuse="false">stretch</aspectratio>
	<texture diffuse="thumb_box_diffuse.png" fallback="DefaultAudioCover.png" background="true">$VAR[value_poster]</texture>
	</control>
	<control type="image"><!-- Estojo -->
	<posx>-20</posx>
	<posy>190</posy>
	<width>278</width>
	<height>243</height>
	<texture>thumb_box_cd.png</texture>
	<colordiffuse>DEFFFFFF</colordiffuse>
	</control>
	</control>
	</control>
	<control type="scrollbar" id="80">
	<include>ScrollBar_Vertical</include>
	<posx>1250</posx>
	<posy>20</posy>
	<height>500</height>
	<onleft>59</onleft>
	<onright condition="!IsEmpty(Control.GetLabel(5901))">9915</onright>
	<onright condition="IsEmpty(Control.GetLabel(5901))">9920</onright>
	<include>Animation_Fade</include>
	<visible allowhiddenfocus="true">Control.IsVisible(59) + Control.HasFocus(80)</visible>
	</control>
	</control>
	</include>
	</includes>