<?xml version="1.0" encoding="UTF-8"?>
<window>
	<defaultcontrol always="true">11</defaultcontrol>
	<coordinates>
		<system>1</system>
		<left>0</left>
		<top>0</top>
	</coordinates>
	<animation effect="slide" start="-1000,0" end="0,0" time="400" tween="quadratic" easing="out">WindowOpen</animation>
	<controls>
		<control type="group">
			<control type="image">
				<left>-32</left>
				<top>0</top>
				<width>885</width>
				<height>1080</height>
				<texture border="40">mediamenu_back.png</texture>
				<colordiffuse>DDFFFFFF</colordiffuse>
			</control>
			<control type="list" id="11">
				<left>0</left>
				<top>0</top>
				<width>821</width>
				<height>1080</height>
				<onleft>PreviousChannelGroup</onleft>
				<onright>60</onright>
				<onup>11</onup>
				<ondown>11</ondown>
				<viewtype label="535">list</viewtype>
				<pagecontrol>60</pagecontrol>
				<scrolltime tween="quadratic" easing="out">200</scrolltime>
				<itemlayout height="120" width="821">
					<control type="image">
						<left>0</left>
						<top>60</top>
						<width>821</width>
						<height>60</height>
						<texture border="1">separator2.png</texture>
					</control>
					<control type="label">
						<left>60</left>
						<top>0</top>
						<width>120</width>
						<height>120</height>
						<font>font45caps_title</font>
						<textcolor>grey2</textcolor>
						<selectedcolor>selected</selectedcolor>
						<align>center</align>
						<aligny>center</aligny>
						<label>[B]$INFO[ListItem.ChannelNumber][/B]</label>
					</control>
					<control type="label">
						<left>130</left>
						<top>0</top>
						<width>530</width>
						<height>70</height>
						<font>font30</font>
						<textcolor>grey2</textcolor>
						<selectedcolor>grey2</selectedcolor>
						<align>left</align>
						<aligny>center</aligny>
						<label>$INFO[ListItem.Label]</label>
					</control>
					<control type="label">
						<left>130</left>
						<top>50</top>
						<width>530</width>
						<height>60</height>
						<font>font15</font>
						<textcolor>grey3</textcolor>
						<selectedcolor>grey3</selectedcolor>
						<align>left</align>
						<aligny>center</aligny>
						<label>$INFO[ListItem.Title]</label>
					</control>
					<control type="progress">
						<description>Progressbar</description>
						<left>2</left>
						<top>102</top>
						<width>116</width>
						<height>8</height>
						<colordiffuse>88FFFFFF</colordiffuse>
						<visible>ListItem.HasEpg</visible>
						<info>ListItem.Progress</info>
						<texturebg border="2">osd/texturebg2.png</texturebg>
					</control>
					<control type="image">
						<left>681</left>
						<top>8</top>
						<width>105</width>
						<height>105</height>
						<aspectratio>keep</aspectratio>
						<texture background="true">$INFO[ListItem.Icon]</texture>
						<fadetime>IconCrossfadeTime</fadetime>
						<animation effect="slide" start="0" end="-20" time="100" tween="sine" easing="in" condition="ListItem.IsRecording">Conditional</animation>
					</control>
					<control type="label">
						<left>828</left>
						<top>45</top>
						<width>120</width>
						<height>30</height>
						<font>IconSmall</font>
						<textoffsetx>15</textoffsetx>
						<textcolor>grey2</textcolor>
						<align>right</align>
						<selectedcolor>selected</selectedcolor>
						<label></label>
						<visible>ListItem.IsRecording</visible>
					</control>
				</itemlayout>
				<focusedlayout height="120" width="821">
					<control type="image">
						<top>60</top>
						<width>821</width>
						<height>60</height>
						<texture border="1">separator2.png</texture>
					</control>
					<control type="image">
						<width>821</width>
						<height>120</height>
						<texture border="4">listselect_fo.png</texture>
						<visible>Control.HasFocus(11)</visible>
						<include>VisibleFadeEffect</include>
					</control>
					<control type="label">
						<left>60</left>
						<top>0</top>
						<width>120</width>
						<height>120</height>
						<font>font45caps_title</font>
						<selectedcolor>selected</selectedcolor>
						<align>center</align>
						<aligny>center</aligny>
						<label>[B]$INFO[ListItem.ChannelNumber][/B]</label>
					</control>
					<control type="label">
						<left>130</left>
						<top>0</top>
						<width>530</width>
						<height>70</height>
						<font>font30</font>
						<selectedcolor>white</selectedcolor>
						<align>left</align>
						<aligny>center</aligny>
						<label>$INFO[ListItem.Label]</label>
						<animation effect="fade" start="100" end="70" time="300" tween="sine" easing="inout" condition="!Control.HasFocus(11)">Conditional</animation>
					</control>
					<control type="label">
						<left>130</left>
						<top>50</top>
						<width>530</width>
						<height>60</height>
						<font>font15</font>
						<selectedcolor>white</selectedcolor>
						<align>left</align>
						<aligny>center</aligny>
						<label>$INFO[ListItem.Title]</label>
						<animation effect="fade" start="100" end="30" time="300" tween="sine" easing="inout" condition="!Control.HasFocus(11)">Conditional</animation>
					</control>
					<control type="progress">
						<description>Progressbar</description>
						<left>2</left>
						<top>102</top>
						<width>116</width>
						<height>8</height>
						<colordiffuse>DDFFFFFF</colordiffuse>
						<visible>ListItem.HasEpg</visible>
						<info>ListItem.Progress</info>
						<texturebg border="2">osd/texturebg2.png</texturebg>
					</control>
					<control type="image">
						<left>681</left>
						<top>8</top>
						<width>105</width>
						<height>105</height>
						<aspectratio>keep</aspectratio>
						<texture background="true">$INFO[ListItem.Icon]</texture>
						<fadetime>IconCrossfadeTime</fadetime>
						<animation effect="slide" start="0" end="-20" time="100" tween="sine" easing="in" condition="ListItem.IsRecording">Conditional</animation>
					</control>
					<control type="label">
						<left>828</left>
						<top>45</top>
						<width>120</width>
						<height>30</height>
						<font>IconSmall</font>
						<textoffsetx>15</textoffsetx>
						<align>right</align>
						<selectedcolor>selected</selectedcolor>
						<label></label>
						<visible>ListItem.IsRecording</visible>
					</control>
				</focusedlayout>
			</control>
			<control type="scrollbar" id="60">
				<left>820</left>
				<top>0</top>
				<width>14</width>
				<height>1080</height>
				<showonepage>false</showonepage>
				<texturesliderbackground>-</texturesliderbackground>
				<texturesliderbar colordiffuse="55ffffff" border="1">scrollbar/texturesliderbar2.png</texturesliderbar>
				<texturesliderbarfocus border="1">scrollbar/texturesliderbar2.png</texturesliderbarfocus>
				<onleft>11</onleft>
				<onright>NextChannelGroup</onright>
				<ondown>61</ondown>
				<onup>61</onup>
				<orientation>vertical</orientation>
			</control>
		</control>
	</controls>
</window>