<?xml version="1.0" encoding="utf-8"?>
<window type="dialog" id="142">
	<controls>
		<control type="group">
			<animation effect="slide" start="0,-100" end="0,0" time="200">WindowOpen</animation>
			<animation effect="slide" start="0,-100" end="0,0" time="200">VisibleChange</animation>
			<visible>!Window.IsActive(videoosd) + !VideoPlayer.Content(LiveTV)</visible>
			<top>0</top>
			<control type="image">
				<left>0</left>
				<top>0</top>
				<width>1920</width>
				<height>122</height>
				<texture border="1,1,1,40">topbar.png</texture>
			</control>
			<control type="grouplist">
				<left>0</left>
				<top>0</top>
				<width>1920</width>
				<height>90</height>
				<align>center</align>
				<aligny>center</aligny>
				<itemgap>0</itemgap>
				<orientation>horizontal</orientation>
				<control type="image">
					<width>320</width>
					<height>88</height>
					<include>MediaFlagVars</include>
					<texture background="true">$INFO[Player.Art(thumb)]</texture>
					<visible>VideoPlayer.Content(livetv)</visible>
				</control>
				<control type="image" id="800011">
					<colordiffuse>grey2</colordiffuse>
					<width>320</width>
					<include>MediaFlagVars</include>
					<bordersize>2</bordersize>
					<texture fallback="flags/studios/default-studio.png">$INFO[VideoPlayer.Studio,flags/studios/,.png]</texture>
					<visible>!IsEmpty(Control.GetLabel(800011)) | IsEmpty(VideoPlayer.Studio)</visible>
					<visible>!VideoPlayer.Content(livetv)</visible>
				</control>
				<control type="label">
					<left>0</left>
					<width>320</width>
					<height>90</height>
					<align>center</align>
					<label>$INFO[VideoPlayer.Studio]</label>
					<font>font10</font>
					<textcolor>grey2</textcolor>
					<wrapmultiline>true</wrapmultiline>
					<visible>IsEmpty(Control.GetLabel(800011))</visible>
					<visible>!VideoPlayer.Content(livetv)</visible>
				</control>
				<control type="image">
					<width>320</width>
					<colordiffuse>grey2</colordiffuse>
					<include>MediaFlagVars</include>
					<texture fallback="flags/mpaa/NR.png">$VAR[VideoRatingFlagVar]</texture>
					<visible>!VideoPlayer.Content(livetv)</visible>
				</control>
				<control type="image">
					<width>320</width>
					<colordiffuse>grey2</colordiffuse>
					<include>MediaFlagVars</include>
					<texture>$INFO[VideoPlayer.VideoResolution,flags/resolution/,.png]</texture>
				</control>
				<control type="image">
					<width>320</width>
					<colordiffuse>grey2</colordiffuse>
					<include>MediaFlagVars</include>
					<texture>$INFO[VideoPlayer.AudioCodec,flags/audio/,.png]</texture>
				</control>
				<control type="image">
					<width>320</width>
					<colordiffuse>grey2</colordiffuse>
					<include>MediaFlagVars</include>
					<texture>$INFO[VideoPlayer.AudioChannels,flags/channels/,.png]</texture>
					<visible>VideoPlayer.Content(livetv)</visible>
				</control>
				<control type="image">
					<width>320</width>
					<colordiffuse>grey2</colordiffuse>
					<include>MediaFlagVars</include>
					<texture>$VAR[VideoSourceFlagVar,flags/video/,.png]</texture>
				</control>
				<control type="image">
					<width>320</width>
					<colordiffuse>grey2</colordiffuse>
					<include>MediaFlagVars</include>
					<texture>$INFO[VideoPlayer.VideoAspect,flags/aspectratio/,.png]</texture>
				</control>
			</control>
		</control>
	</controls>
</window>