<?xml version='1.0' encoding='UTF-8'?>
<includes>
	<include name="skinshortcuts-mainmenu" />
	<include />
	<include name="skinshortcuts-submenu">
		<item id="1">
			<label>$LOCALIZE[10006]</label>
			<label2>Atalho Comum</label2>
			<icon>DefaultVideo.png</icon>
			<thumb />
			<property name="labelID">videos</property>
			<property name="defaultID">videos</property>
			<onclick>ActivateWindow(Videos)</onclick>
			<visible>StringCompare(System.ProfileName,Master user) + [StringCompare(Container(9000).ListItem.Property(submenuVisibility),x2)]</visible>
			<property name="isSubmenu">True</property>
			<property name="group">x2</property>
		</item>
		<item id="2">
			<label>$LOCALIZE[20343]</label>
			<label2 />
			<icon>DefaultShortcut.png</icon>
			<thumb />
			<property name="labelID">tvshows</property>
			<property name="defaultID">tvshows</property>
			<visible>Library.HasContent(TVShows)</visible>
			<onclick>ActivateWindow(Videos,TvShows,root)</onclick>
			<visible>StringCompare(System.ProfileName,Master user) + [StringCompare(Container(9000).ListItem.Property(submenuVisibility),x2)]</visible>
			<property name="isSubmenu">True</property>
			<property name="group">x2</property>
		</item>
		<item id="3">
			<label>$LOCALIZE[24001]</label>
			<label2 />
			<icon>DefaultShortcut.png</icon>
			<thumb />
			<property name="labelID">24001</property>
			<property name="defaultID">24001</property>
			<onclick>ActivateWindow(Videos,Addons,return)</onclick>
			<visible>StringCompare(System.ProfileName,Master user) + [StringCompare(Container(9000).ListItem.Property(submenuVisibility),x2)]</visible>
			<property name="isSubmenu">True</property>
			<property name="group">x2</property>
		</item>
		<item id="4">
			<label>$LOCALIZE[744]</label>
			<label2 />
			<icon>DefaultShortcut.png</icon>
			<thumb />
			<property name="labelID">744</property>
			<property name="defaultID">744</property>
			<onclick>ActivateWindow(Videos,Files,return)</onclick>
			<visible>StringCompare(System.ProfileName,Master user) + [StringCompare(Container(9000).ListItem.Property(submenuVisibility),x2)]</visible>
			<property name="isSubmenu">True</property>
			<property name="group">x2</property>
		</item>
		<item id="5">
			<label>$LOCALIZE[136]</label>
			<label2 />
			<icon>DefaultShortcut.png</icon>
			<thumb />
			<property name="labelID">136</property>
			<property name="defaultID">136</property>
			<onclick>ActivateWindow(Videos,Playlists,return)</onclick>
			<visible>StringCompare(System.ProfileName,Master user) + [StringCompare(Container(9000).ListItem.Property(submenuVisibility),x2)]</visible>
			<property name="isSubmenu">True</property>
			<property name="group">x2</property>
		</item>
		<item id="6">
			<label>$LOCALIZE[14022]</label>
			<label2 />
			<icon>DefaultShortcut.png</icon>
			<thumb />
			<property name="labelID">14022</property>
			<property name="defaultID">14022</property>
			<onclick>ActivateWindow(Videos,Root)</onclick>
			<visible>StringCompare(System.ProfileName,Master user) + [StringCompare(Container(9000).ListItem.Property(submenuVisibility),x2)]</visible>
			<property name="isSubmenu">True</property>
			<property name="group">x2</property>
		</item>
		<item id="1">
			<label>$LOCALIZE[133]</label>
			<label2 />
			<icon>DefaultShortcut.png</icon>
			<thumb />
			<property name="labelID">133</property>
			<property name="defaultID">133</property>
			<visible>Library.HasContent(Music)</visible>
			<onclick>ActivateWindow(MusicLibrary,Artists,return)</onclick>
			<visible>StringCompare(System.ProfileName,Master user) + [StringCompare(Container(9000).ListItem.Property(submenuVisibility),x3)]</visible>
			<property name="isSubmenu">True</property>
			<property name="group">x3</property>
		</item>
		<item id="2">
			<label>$LOCALIZE[132]</label>
			<label2 />
			<icon>DefaultShortcut.png</icon>
			<thumb />
			<property name="labelID">132</property>
			<property name="defaultID">132</property>
			<visible>Library.HasContent(Music)</visible>
			<onclick>ActivateWindow(MusicLibrary,Albums,return)</onclick>
			<visible>StringCompare(System.ProfileName,Master user) + [StringCompare(Container(9000).ListItem.Property(submenuVisibility),x3)]</visible>
			<property name="isSubmenu">True</property>
			<property name="group">x3</property>
		</item>
		<item id="3">
			<label>$LOCALIZE[134]</label>
			<label2 />
			<icon>DefaultShortcut.png</icon>
			<thumb />
			<property name="labelID">134</property>
			<property name="defaultID">134</property>
			<visible>Library.HasContent(Music)</visible>
			<onclick>ActivateWindow(MusicLibrary,Songs,return)</onclick>
			<visible>StringCompare(System.ProfileName,Master user) + [StringCompare(Container(9000).ListItem.Property(submenuVisibility),x3)]</visible>
			<property name="isSubmenu">True</property>
			<property name="group">x3</property>
		</item>
		<item id="4">
			<label>$LOCALIZE[744]</label>
			<label2 />
			<icon>DefaultShortcut.png</icon>
			<thumb />
			<property name="labelID">744</property>
			<property name="defaultID">744</property>
			<onclick>ActivateWindow(MusicFiles)</onclick>
			<visible>StringCompare(System.ProfileName,Master user) + [StringCompare(Container(9000).ListItem.Property(submenuVisibility),x3)]</visible>
			<property name="isSubmenu">True</property>
			<property name="group">x3</property>
		</item>
		<item id="5">
			<label>$LOCALIZE[24001]</label>
			<label2 />
			<icon>DefaultShortcut.png</icon>
			<thumb />
			<property name="labelID">24001</property>
			<property name="defaultID">24001</property>
			<visible>Library.HasContent(Music)</visible>
			<onclick>ActivateWindow(MusicLibrary,Addons,return)</onclick>
			<visible>StringCompare(System.ProfileName,Master user) + [StringCompare(Container(9000).ListItem.Property(submenuVisibility),x3)]</visible>
			<property name="isSubmenu">True</property>
			<property name="group">x3</property>
		</item>
		<item id="6">
			<label>$LOCALIZE[14022]</label>
			<label2 />
			<icon>DefaultShortcut.png</icon>
			<thumb />
			<property name="labelID">14022</property>
			<property name="defaultID">14022</property>
			<visible>Library.HasContent(Music)</visible>
			<onclick>ActivateWindow(MusicLibrary,root)</onclick>
			<visible>StringCompare(System.ProfileName,Master user) + [StringCompare(Container(9000).ListItem.Property(submenuVisibility),x3)]</visible>
			<property name="isSubmenu">True</property>
			<property name="group">x3</property>
		</item>
		<item id="1">
			<label>$LOCALIZE[24001]</label>
			<label2 />
			<icon>DefaultShortcut.png</icon>
			<thumb />
			<property name="labelID">24001</property>
			<property name="defaultID">24001</property>
			<onclick>ActivateWindow(Pictures,Addons,return)</onclick>
			<visible>StringCompare(System.ProfileName,Master user) + [StringCompare(Container(9000).ListItem.Property(submenuVisibility),x4)]</visible>
			<property name="isSubmenu">True</property>
			<property name="group">x4</property>
		</item>
		<item id="1">
			<label>$LOCALIZE[24001]</label>
			<label2 />
			<icon>DefaultShortcut.png</icon>
			<thumb />
			<property name="labelID">24001</property>
			<property name="defaultID">24001</property>
			<onclick>ActivateWindow(AddonBrowser)</onclick>
			<visible>StringCompare(System.ProfileName,Master user) + [StringCompare(Container(9000).ListItem.Property(submenuVisibility),x5)]</visible>
			<property name="isSubmenu">True</property>
			<property name="group">x5</property>
		</item>
		<item id="2">
			<label>$LOCALIZE[20077]</label>
			<label2 />
			<icon>DefaultShortcut.png</icon>
			<thumb />
			<property name="labelID">20077</property>
			<property name="defaultID">20077</property>
			<onclick>ActivateWindow(SkinSettings)</onclick>
			<visible>StringCompare(System.ProfileName,Master user) + [StringCompare(Container(9000).ListItem.Property(submenuVisibility),x5)]</visible>
			<property name="isSubmenu">True</property>
			<property name="group">x5</property>
		</item>
		<item id="3">
			<label>$LOCALIZE[7]</label>
			<label2 />
			<icon>DefaultShortcut.png</icon>
			<thumb />
			<property name="labelID">7</property>
			<property name="defaultID">7</property>
			<onclick>ActivateWindow(FileManager)</onclick>
			<visible>StringCompare(System.ProfileName,Master user) + [StringCompare(Container(9000).ListItem.Property(submenuVisibility),x5)]</visible>
			<property name="isSubmenu">True</property>
			<property name="group">x5</property>
		</item>
		<item id="4">
			<label>$LOCALIZE[13200]</label>
			<label2 />
			<icon>DefaultShortcut.png</icon>
			<thumb />
			<property name="labelID">13200</property>
			<property name="defaultID">13200</property>
			<onclick>ActivateWindow(Profiles)</onclick>
			<visible>StringCompare(System.ProfileName,Master user) + [StringCompare(Container(9000).ListItem.Property(submenuVisibility),x5)]</visible>
			<property name="isSubmenu">True</property>
			<property name="group">x5</property>
		</item>
		<item id="5">
			<label>$LOCALIZE[130]</label>
			<label2 />
			<icon>DefaultShortcut.png</icon>
			<thumb />
			<property name="labelID">130</property>
			<property name="defaultID">130</property>
			<onclick>ActivateWindow(SystemInfo)</onclick>
			<visible>StringCompare(System.ProfileName,Master user) + [StringCompare(Container(9000).ListItem.Property(submenuVisibility),x5)]</visible>
			<property name="isSubmenu">True</property>
			<property name="group">x5</property>
		</item>
		<item id="1">
			<label>$LOCALIZE[13016]</label>
			<label2 />
			<icon>DefaultShortcut.png</icon>
			<thumb />
			<property name="labelID">13016</property>
			<property name="defaultID">13016</property>
			<onclick>Powerdown()</onclick>
			<visible>StringCompare(System.ProfileName,Master user) + [StringCompare(Container(9000).ListItem.Property(submenuVisibility),x6)]</visible>
			<property name="isSubmenu">True</property>
			<property name="group">x6</property>
		</item>
		<item id="2">
			<label>$LOCALIZE[13013]</label>
			<label2 />
			<icon>DefaultShortcut.png</icon>
			<thumb />
			<property name="labelID">13013</property>
			<property name="defaultID">13013</property>
			<onclick>Reset()</onclick>
			<visible>StringCompare(System.ProfileName,Master user) + [StringCompare(Container(9000).ListItem.Property(submenuVisibility),x6)]</visible>
			<property name="isSubmenu">True</property>
			<property name="group">x6</property>
		</item>
		<item id="3">
			<label>$LOCALIZE[13011]</label>
			<label2 />
			<icon>DefaultShortcut.png</icon>
			<thumb />
			<property name="labelID">13011</property>
			<property name="defaultID">13011</property>
			<onclick>Suspend()</onclick>
			<visible>StringCompare(System.ProfileName,Master user) + [StringCompare(Container(9000).ListItem.Property(submenuVisibility),x6)]</visible>
			<property name="isSubmenu">True</property>
			<property name="group">x6</property>
		</item>
		<item id="4">
			<label>$LOCALIZE[13010]</label>
			<label2 />
			<icon>DefaultShortcut.png</icon>
			<thumb />
			<property name="labelID">13010</property>
			<property name="defaultID">13010</property>
			<onclick>Hibernate()</onclick>
			<visible>StringCompare(System.ProfileName,Master user) + [StringCompare(Container(9000).ListItem.Property(submenuVisibility),x6)]</visible>
			<property name="isSubmenu">True</property>
			<property name="group">x6</property>
		</item>
		<item id="5">
			<label>$LOCALIZE[20126]</label>
			<label2 />
			<icon>DefaultShortcut.png</icon>
			<thumb />
			<property name="labelID">20126</property>
			<property name="defaultID">20126</property>
			<onclick>System.LogOff</onclick>
			<visible>StringCompare(System.ProfileName,Master user) + [StringCompare(Container(9000).ListItem.Property(submenuVisibility),x6)]</visible>
			<property name="isSubmenu">True</property>
			<property name="group">x6</property>
		</item>
		<item id="6">
			<label>$LOCALIZE[13009]</label>
			<label2 />
			<icon>DefaultShortcut.png</icon>
			<thumb />
			<property name="labelID">13009</property>
			<property name="defaultID">13009</property>
			<onclick>Quit</onclick>
			<visible>StringCompare(System.ProfileName,Master user) + [StringCompare(Container(9000).ListItem.Property(submenuVisibility),x6)]</visible>
			<property name="isSubmenu">True</property>
			<property name="group">x6</property>
		</item>
		<item id="1">
			<label>$LOCALIZE[16101]</label>
			<label2 />
			<icon>DefaultShortcut.png</icon>
			<thumb />
			<property name="labelID">16101</property>
			<property name="defaultID">16101</property>
			<onclick>ActivateWindow(Videos,special://skin/extras/Unwatched.xsp,return)</onclick>
			<visible>StringCompare(System.ProfileName,Master user) + [StringCompare(Container(9000).ListItem.Property(submenuVisibility),x10)]</visible>
			<property name="isSubmenu">True</property>
			<property name="group">x10</property>
		</item>
		<item id="2">
			<label>$LOCALIZE[575]</label>
			<label2 />
			<icon>DefaultShortcut.png</icon>
			<thumb />
			<property name="labelID">575</property>
			<property name="defaultID">575</property>
			<onclick>ActivateWindow(Videos,special://skin/extras/InProgress.xsp,return)</onclick>
			<visible>StringCompare(System.ProfileName,Master user) + [StringCompare(Container(9000).ListItem.Property(submenuVisibility),x10)]</visible>
			<property name="isSubmenu">True</property>
			<property name="group">x10</property>
		</item>
		<item id="3">
			<label>$LOCALIZE[31328]</label>
			<label2 />
			<icon>DefaultShortcut.png</icon>
			<thumb />
			<property name="labelID">31328</property>
			<property name="defaultID">31328</property>
			<visible>Library.HasContent(Movies)</visible>
			<onclick>ActivateWindow(Videos,RecentlyAddedMovies,return)</onclick>
			<visible>StringCompare(System.ProfileName,Master user) + [StringCompare(Container(9000).ListItem.Property(submenuVisibility),x10)]</visible>
			<property name="isSubmenu">True</property>
			<property name="group">x10</property>
		</item>
		<item id="4">
			<label>$LOCALIZE[20434]</label>
			<label2 />
			<icon>DefaultShortcut.png</icon>
			<thumb />
			<property name="labelID">20434</property>
			<property name="defaultID">20434</property>
			<visible>Library.HasContent(Movies)</visible>
			<onclick>ActivateWindow(Videos,MovieSets,return)</onclick>
			<visible>StringCompare(System.ProfileName,Master user) + [StringCompare(Container(9000).ListItem.Property(submenuVisibility),x10)]</visible>
			<property name="isSubmenu">True</property>
			<property name="group">x10</property>
		</item>
		<item id="5">
			<label>$LOCALIZE[135]</label>
			<label2 />
			<icon>DefaultShortcut.png</icon>
			<thumb />
			<property name="labelID">135</property>
			<property name="defaultID">135</property>
			<visible>Library.HasContent(Movies)</visible>
			<onclick>ActivateWindow(Videos,MovieGenres,return)</onclick>
			<visible>StringCompare(System.ProfileName,Master user) + [StringCompare(Container(9000).ListItem.Property(submenuVisibility),x10)]</visible>
			<property name="isSubmenu">True</property>
			<property name="group">x10</property>
		</item>
		<item id="6">
			<label>$LOCALIZE[652]</label>
			<label2 />
			<icon>DefaultShortcut.png</icon>
			<thumb />
			<property name="labelID">652</property>
			<property name="defaultID">652</property>
			<visible>Library.HasContent(Movies)</visible>
			<onclick>ActivateWindow(Videos,MovieYears,return)</onclick>
			<visible>StringCompare(System.ProfileName,Master user) + [StringCompare(Container(9000).ListItem.Property(submenuVisibility),x10)]</visible>
			<property name="isSubmenu">True</property>
			<property name="group">x10</property>
		</item>
		<item id="7">
			<label>$LOCALIZE[344]</label>
			<label2 />
			<icon>DefaultShortcut.png</icon>
			<thumb />
			<property name="labelID">344</property>
			<property name="defaultID">344</property>
			<visible>Library.HasContent(Movies)</visible>
			<onclick>ActivateWindow(Videos,MovieActors,return)</onclick>
			<visible>StringCompare(System.ProfileName,Master user) + [StringCompare(Container(9000).ListItem.Property(submenuVisibility),x10)]</visible>
			<property name="isSubmenu">True</property>
			<property name="group">x10</property>
		</item>
		<item id="8">
			<label>$LOCALIZE[10006]</label>
			<label2>Atalho Comum</label2>
			<icon>DefaultVideo.png</icon>
			<thumb />
			<property name="labelID">videos</property>
			<property name="defaultID">videos</property>
			<onclick>ActivateWindow(Videos)</onclick>
			<visible>StringCompare(System.ProfileName,Master user) + [StringCompare(Container(9000).ListItem.Property(submenuVisibility),x10)]</visible>
			<property name="isSubmenu">True</property>
			<property name="group">x10</property>
		</item>
		<item id="1">
			<label>$LOCALIZE[4]</label>
			<label2 />
			<icon>DefaultShortcut.png</icon>
			<thumb />
			<property name="labelID">4</property>
			<property name="defaultID">4</property>
			<onclick>RunAddon(script.tv.show.next.aired,return)</onclick>
			<visible>StringCompare(System.ProfileName,Master user) + [StringCompare(Container(9000).ListItem.Property(submenuVisibility),x11)]</visible>
			<property name="isSubmenu">True</property>
			<property name="group">x11</property>
		</item>
		<item id="2">
			<label>$LOCALIZE[575]</label>
			<label2 />
			<icon>DefaultShortcut.png</icon>
			<thumb />
			<property name="labelID">575</property>
			<property name="defaultID">575</property>
			<onclick>ActivateWindow(Videos,library://video/inprogressshows.xml,return)</onclick>
			<visible>StringCompare(System.ProfileName,Master user) + [StringCompare(Container(9000).ListItem.Property(submenuVisibility),x11)]</visible>
			<property name="isSubmenu">True</property>
			<property name="group">x11</property>
		</item>
		<item id="3">
			<label>$LOCALIZE[31328]</label>
			<label2 />
			<icon>DefaultShortcut.png</icon>
			<thumb />
			<property name="labelID">31328</property>
			<property name="defaultID">31328</property>
			<visible>Library.HasContent(TVShows)</visible>
			<onclick>ActivateWindow(Videos,RecentlyAddedEpisodes,return)</onclick>
			<visible>StringCompare(System.ProfileName,Master user) + [StringCompare(Container(9000).ListItem.Property(submenuVisibility),x11)]</visible>
			<property name="isSubmenu">True</property>
			<property name="group">x11</property>
		</item>
		<item id="4">
			<label>$LOCALIZE[135]</label>
			<label2 />
			<icon>DefaultShortcut.png</icon>
			<thumb />
			<property name="labelID">135</property>
			<property name="defaultID">135</property>
			<visible>Library.HasContent(TVShows)</visible>
			<onclick>ActivateWindow(Videos,TVShowGenres,return)</onclick>
			<visible>StringCompare(System.ProfileName,Master user) + [StringCompare(Container(9000).ListItem.Property(submenuVisibility),x11)]</visible>
			<property name="isSubmenu">True</property>
			<property name="group">x11</property>
		</item>
		<item id="5">
			<label>$LOCALIZE[652]</label>
			<label2 />
			<icon>DefaultShortcut.png</icon>
			<thumb />
			<property name="labelID">652</property>
			<property name="defaultID">652</property>
			<visible>Library.HasContent(TVShows)</visible>
			<onclick>ActivateWindow(Videos,TvShowYears,return)</onclick>
			<visible>StringCompare(System.ProfileName,Master user) + [StringCompare(Container(9000).ListItem.Property(submenuVisibility),x11)]</visible>
			<property name="isSubmenu">True</property>
			<property name="group">x11</property>
		</item>
		<item id="6">
			<label>$LOCALIZE[344]</label>
			<label2 />
			<icon>DefaultShortcut.png</icon>
			<thumb />
			<property name="labelID">344</property>
			<property name="defaultID">344</property>
			<visible>Library.HasContent(TVShows)</visible>
			<onclick>ActivateWindow(Videos,TvShowActors,return)</onclick>
			<visible>StringCompare(System.ProfileName,Master user) + [StringCompare(Container(9000).ListItem.Property(submenuVisibility),x11)]</visible>
			<property name="isSubmenu">True</property>
			<property name="group">x11</property>
		</item>
		<item id="1">
			<label>$LOCALIZE[19024]</label>
			<label2 />
			<icon>DefaultShortcut.png</icon>
			<thumb />
			<property name="labelID">19024</property>
			<property name="defaultID">19024</property>
			<visible>PVR.HasRadioChannels</visible>
			<onclick>ActivateWindow(RadioChannels)</onclick>
			<visible>StringCompare(System.ProfileName,Master user) + [StringCompare(Container(9000).ListItem.Property(submenuVisibility),x12)]</visible>
			<property name="isSubmenu">True</property>
			<property name="group">x12</property>
		</item>
		<item id="2">
			<label>$LOCALIZE[19023]</label>
			<label2 />
			<icon>DefaultShortcut.png</icon>
			<thumb />
			<property name="labelID">19023</property>
			<property name="defaultID">19023</property>
			<visible>PVR.HasTVChannels</visible>
			<onclick>ActivateWindow(TVChannels)</onclick>
			<visible>StringCompare(System.ProfileName,Master user) + [StringCompare(Container(9000).ListItem.Property(submenuVisibility),x12)]</visible>
			<property name="isSubmenu">True</property>
			<property name="group">x12</property>
		</item>
		<item id="3">
			<label>$LOCALIZE[19069]</label>
			<label2 />
			<icon>DefaultShortcut.png</icon>
			<thumb />
			<property name="labelID">19069</property>
			<property name="defaultID">19069</property>
			<visible>PVR.HasTVChannels</visible>
			<onclick>ActivateWindow(TVGuide)</onclick>
			<visible>StringCompare(System.ProfileName,Master user) + [StringCompare(Container(9000).ListItem.Property(submenuVisibility),x12)]</visible>
			<property name="isSubmenu">True</property>
			<property name="group">x12</property>
		</item>
		<item id="4">
			<label>$LOCALIZE[19163]</label>
			<label2 />
			<icon>DefaultShortcut.png</icon>
			<thumb />
			<property name="labelID">19163</property>
			<property name="defaultID">19163</property>
			<visible>PVR.HasTVChannels</visible>
			<onclick>ActivateWindow(TVRecordings)</onclick>
			<visible>StringCompare(System.ProfileName,Master user) + [StringCompare(Container(9000).ListItem.Property(submenuVisibility),x12)]</visible>
			<property name="isSubmenu">True</property>
			<property name="group">x12</property>
		</item>
		<item id="5">
			<label>$LOCALIZE[19040]</label>
			<label2 />
			<icon>DefaultShortcut.png</icon>
			<thumb />
			<property name="labelID">19040</property>
			<property name="defaultID">19040</property>
			<visible>PVR.HasTVChannels</visible>
			<onclick>ActivateWindow(TVTimers)</onclick>
			<visible>StringCompare(System.ProfileName,Master user) + [StringCompare(Container(9000).ListItem.Property(submenuVisibility),x12)]</visible>
			<property name="isSubmenu">True</property>
			<property name="group">x12</property>
		</item>
		<item id="1">
			<label>$LOCALIZE[133]</label>
			<label2 />
			<icon>DefaultShortcut.png</icon>
			<thumb />
			<property name="labelID">133</property>
			<property name="defaultID">133</property>
			<visible>Library.HasContent(MusicVideos)</visible>
			<onclick>ActivateWindow(Videos,MusicVideoArtists,return)</onclick>
			<visible>StringCompare(System.ProfileName,Master user) + [StringCompare(Container(9000).ListItem.Property(submenuVisibility),x13)]</visible>
			<property name="isSubmenu">True</property>
			<property name="group">x13</property>
		</item>
		<item id="2">
			<label>$LOCALIZE[135]</label>
			<label2 />
			<icon>DefaultShortcut.png</icon>
			<thumb />
			<property name="labelID">135</property>
			<property name="defaultID">135</property>
			<visible>Library.HasContent(MusicVideos)</visible>
			<onclick>ActivateWindow(Videos,MusicVideoGenres,return)</onclick>
			<visible>StringCompare(System.ProfileName,Master user) + [StringCompare(Container(9000).ListItem.Property(submenuVisibility),x13)]</visible>
			<property name="isSubmenu">True</property>
			<property name="group">x13</property>
		</item>
		<item id="3">
			<label>$LOCALIZE[31328]</label>
			<label2 />
			<icon>DefaultShortcut.png</icon>
			<thumb />
			<property name="labelID">31328</property>
			<property name="defaultID">31328</property>
			<visible>Library.HasContent(MusicVideos)</visible>
			<onclick>ActivateWindow(Videos,RecentlyAddedMusicVideos,return)</onclick>
			<visible>StringCompare(System.ProfileName,Master user) + [StringCompare(Container(9000).ListItem.Property(submenuVisibility),x13)]</visible>
			<property name="isSubmenu">True</property>
			<property name="group">x13</property>
		</item>
		<item id="4">
			<label>$LOCALIZE[652]</label>
			<label2 />
			<icon>DefaultShortcut.png</icon>
			<thumb />
			<property name="labelID">652</property>
			<property name="defaultID">652</property>
			<visible>Library.HasContent(MusicVideos)</visible>
			<onclick>ActivateWindow(Videos,MusicVideoYears,return)</onclick>
			<visible>StringCompare(System.ProfileName,Master user) + [StringCompare(Container(9000).ListItem.Property(submenuVisibility),x13)]</visible>
			<property name="isSubmenu">True</property>
			<property name="group">x13</property>
		</item>
		<item id="5">
			<label>$LOCALIZE[20459]</label>
			<label2 />
			<icon>DefaultShortcut.png</icon>
			<thumb />
			<property name="labelID">20459</property>
			<property name="defaultID">20459</property>
			<visible>Library.HasContent(MusicVideos)</visible>
			<onclick>ActivateWindow(Videos,MusicVideoTags,return)</onclick>
			<visible>StringCompare(System.ProfileName,Master user) + [StringCompare(Container(9000).ListItem.Property(submenuVisibility),x13)]</visible>
			<property name="isSubmenu">True</property>
			<property name="group">x13</property>
		</item>
	</include>
	<include name="skinshortcuts-group-x1" />
	<include name="skinshortcuts-group-alt-x1" />
	<include name="skinshortcuts-group-x2">
		<item id="1">
			<label>$LOCALIZE[10006]</label>
			<label2>Atalho Comum</label2>
			<icon>DefaultVideo.png</icon>
			<thumb />
			<property name="labelID">videos</property>
			<property name="defaultID">videos</property>
			<onclick>ActivateWindow(Videos)</onclick>
			<visible>StringCompare(System.ProfileName,Master user)</visible>
			<property name="group">x2</property>
		</item>
		<item id="2">
			<label>$LOCALIZE[20343]</label>
			<label2 />
			<icon>DefaultShortcut.png</icon>
			<thumb />
			<property name="labelID">tvshows</property>
			<property name="defaultID">tvshows</property>
			<visible>Library.HasContent(TVShows)</visible>
			<onclick>ActivateWindow(Videos,TvShows,root)</onclick>
			<visible>StringCompare(System.ProfileName,Master user)</visible>
			<property name="group">x2</property>
		</item>
		<item id="3">
			<label>$LOCALIZE[24001]</label>
			<label2 />
			<icon>DefaultShortcut.png</icon>
			<thumb />
			<property name="labelID">24001</property>
			<property name="defaultID">24001</property>
			<onclick>ActivateWindow(Videos,Addons,return)</onclick>
			<visible>StringCompare(System.ProfileName,Master user)</visible>
			<property name="group">x2</property>
		</item>
		<item id="4">
			<label>$LOCALIZE[744]</label>
			<label2 />
			<icon>DefaultShortcut.png</icon>
			<thumb />
			<property name="labelID">744</property>
			<property name="defaultID">744</property>
			<onclick>ActivateWindow(Videos,Files,return)</onclick>
			<visible>StringCompare(System.ProfileName,Master user)</visible>
			<property name="group">x2</property>
		</item>
		<item id="5">
			<label>$LOCALIZE[136]</label>
			<label2 />
			<icon>DefaultShortcut.png</icon>
			<thumb />
			<property name="labelID">136</property>
			<property name="defaultID">136</property>
			<onclick>ActivateWindow(Videos,Playlists,return)</onclick>
			<visible>StringCompare(System.ProfileName,Master user)</visible>
			<property name="group">x2</property>
		</item>
		<item id="6">
			<label>$LOCALIZE[14022]</label>
			<label2 />
			<icon>DefaultShortcut.png</icon>
			<thumb />
			<property name="labelID">14022</property>
			<property name="defaultID">14022</property>
			<onclick>ActivateWindow(Videos,Root)</onclick>
			<visible>StringCompare(System.ProfileName,Master user)</visible>
			<property name="group">x2</property>
		</item>
	</include>
	<include name="skinshortcuts-group-alt-x2">
		<item id="1">
			<label>$LOCALIZE[10006]</label>
			<label2>Atalho Comum</label2>
			<icon>DefaultVideo.png</icon>
			<thumb />
			<property name="labelID">videos</property>
			<property name="defaultID">videos</property>
			<onclick>ActivateWindow(Videos)</onclick>
			<visible>StringCompare(System.ProfileName,Master user) + [StringCompare(Window(10000).Property(submenuVisibility),x2)]</visible>
			<property name="isSubmenu">True</property>
			<property name="group">x2</property>
		</item>
		<item id="2">
			<label>$LOCALIZE[20343]</label>
			<label2 />
			<icon>DefaultShortcut.png</icon>
			<thumb />
			<property name="labelID">tvshows</property>
			<property name="defaultID">tvshows</property>
			<visible>Library.HasContent(TVShows)</visible>
			<onclick>ActivateWindow(Videos,TvShows,root)</onclick>
			<visible>StringCompare(System.ProfileName,Master user) + [StringCompare(Window(10000).Property(submenuVisibility),x2)]</visible>
			<property name="isSubmenu">True</property>
			<property name="group">x2</property>
		</item>
		<item id="3">
			<label>$LOCALIZE[24001]</label>
			<label2 />
			<icon>DefaultShortcut.png</icon>
			<thumb />
			<property name="labelID">24001</property>
			<property name="defaultID">24001</property>
			<onclick>ActivateWindow(Videos,Addons,return)</onclick>
			<visible>StringCompare(System.ProfileName,Master user) + [StringCompare(Window(10000).Property(submenuVisibility),x2)]</visible>
			<property name="isSubmenu">True</property>
			<property name="group">x2</property>
		</item>
		<item id="4">
			<label>$LOCALIZE[744]</label>
			<label2 />
			<icon>DefaultShortcut.png</icon>
			<thumb />
			<property name="labelID">744</property>
			<property name="defaultID">744</property>
			<onclick>ActivateWindow(Videos,Files,return)</onclick>
			<visible>StringCompare(System.ProfileName,Master user) + [StringCompare(Window(10000).Property(submenuVisibility),x2)]</visible>
			<property name="isSubmenu">True</property>
			<property name="group">x2</property>
		</item>
		<item id="5">
			<label>$LOCALIZE[136]</label>
			<label2 />
			<icon>DefaultShortcut.png</icon>
			<thumb />
			<property name="labelID">136</property>
			<property name="defaultID">136</property>
			<onclick>ActivateWindow(Videos,Playlists,return)</onclick>
			<visible>StringCompare(System.ProfileName,Master user) + [StringCompare(Window(10000).Property(submenuVisibility),x2)]</visible>
			<property name="isSubmenu">True</property>
			<property name="group">x2</property>
		</item>
		<item id="6">
			<label>$LOCALIZE[14022]</label>
			<label2 />
			<icon>DefaultShortcut.png</icon>
			<thumb />
			<property name="labelID">14022</property>
			<property name="defaultID">14022</property>
			<onclick>ActivateWindow(Videos,Root)</onclick>
			<visible>StringCompare(System.ProfileName,Master user) + [StringCompare(Window(10000).Property(submenuVisibility),x2)]</visible>
			<property name="isSubmenu">True</property>
			<property name="group">x2</property>
		</item>
	</include>
	<include name="skinshortcuts-group-x3">
		<item id="1">
			<label>$LOCALIZE[133]</label>
			<label2 />
			<icon>DefaultShortcut.png</icon>
			<thumb />
			<property name="labelID">133</property>
			<property name="defaultID">133</property>
			<visible>Library.HasContent(Music)</visible>
			<onclick>ActivateWindow(MusicLibrary,Artists,return)</onclick>
			<visible>StringCompare(System.ProfileName,Master user)</visible>
			<property name="group">x3</property>
		</item>
		<item id="2">
			<label>$LOCALIZE[132]</label>
			<label2 />
			<icon>DefaultShortcut.png</icon>
			<thumb />
			<property name="labelID">132</property>
			<property name="defaultID">132</property>
			<visible>Library.HasContent(Music)</visible>
			<onclick>ActivateWindow(MusicLibrary,Albums,return)</onclick>
			<visible>StringCompare(System.ProfileName,Master user)</visible>
			<property name="group">x3</property>
		</item>
		<item id="3">
			<label>$LOCALIZE[134]</label>
			<label2 />
			<icon>DefaultShortcut.png</icon>
			<thumb />
			<property name="labelID">134</property>
			<property name="defaultID">134</property>
			<visible>Library.HasContent(Music)</visible>
			<onclick>ActivateWindow(MusicLibrary,Songs,return)</onclick>
			<visible>StringCompare(System.ProfileName,Master user)</visible>
			<property name="group">x3</property>
		</item>
		<item id="4">
			<label>$LOCALIZE[744]</label>
			<label2 />
			<icon>DefaultShortcut.png</icon>
			<thumb />
			<property name="labelID">744</property>
			<property name="defaultID">744</property>
			<onclick>ActivateWindow(MusicFiles)</onclick>
			<visible>StringCompare(System.ProfileName,Master user)</visible>
			<property name="group">x3</property>
		</item>
		<item id="5">
			<label>$LOCALIZE[24001]</label>
			<label2 />
			<icon>DefaultShortcut.png</icon>
			<thumb />
			<property name="labelID">24001</property>
			<property name="defaultID">24001</property>
			<visible>Library.HasContent(Music)</visible>
			<onclick>ActivateWindow(MusicLibrary,Addons,return)</onclick>
			<visible>StringCompare(System.ProfileName,Master user)</visible>
			<property name="group">x3</property>
		</item>
		<item id="6">
			<label>$LOCALIZE[14022]</label>
			<label2 />
			<icon>DefaultShortcut.png</icon>
			<thumb />
			<property name="labelID">14022</property>
			<property name="defaultID">14022</property>
			<visible>Library.HasContent(Music)</visible>
			<onclick>ActivateWindow(MusicLibrary,root)</onclick>
			<visible>StringCompare(System.ProfileName,Master user)</visible>
			<property name="group">x3</property>
		</item>
	</include>
	<include name="skinshortcuts-group-alt-x3">
		<item id="1">
			<label>$LOCALIZE[133]</label>
			<label2 />
			<icon>DefaultShortcut.png</icon>
			<thumb />
			<property name="labelID">133</property>
			<property name="defaultID">133</property>
			<visible>Library.HasContent(Music)</visible>
			<onclick>ActivateWindow(MusicLibrary,Artists,return)</onclick>
			<visible>StringCompare(System.ProfileName,Master user) + [StringCompare(Window(10000).Property(submenuVisibility),x3)]</visible>
			<property name="isSubmenu">True</property>
			<property name="group">x3</property>
		</item>
		<item id="2">
			<label>$LOCALIZE[132]</label>
			<label2 />
			<icon>DefaultShortcut.png</icon>
			<thumb />
			<property name="labelID">132</property>
			<property name="defaultID">132</property>
			<visible>Library.HasContent(Music)</visible>
			<onclick>ActivateWindow(MusicLibrary,Albums,return)</onclick>
			<visible>StringCompare(System.ProfileName,Master user) + [StringCompare(Window(10000).Property(submenuVisibility),x3)]</visible>
			<property name="isSubmenu">True</property>
			<property name="group">x3</property>
		</item>
		<item id="3">
			<label>$LOCALIZE[134]</label>
			<label2 />
			<icon>DefaultShortcut.png</icon>
			<thumb />
			<property name="labelID">134</property>
			<property name="defaultID">134</property>
			<visible>Library.HasContent(Music)</visible>
			<onclick>ActivateWindow(MusicLibrary,Songs,return)</onclick>
			<visible>StringCompare(System.ProfileName,Master user) + [StringCompare(Window(10000).Property(submenuVisibility),x3)]</visible>
			<property name="isSubmenu">True</property>
			<property name="group">x3</property>
		</item>
		<item id="4">
			<label>$LOCALIZE[744]</label>
			<label2 />
			<icon>DefaultShortcut.png</icon>
			<thumb />
			<property name="labelID">744</property>
			<property name="defaultID">744</property>
			<onclick>ActivateWindow(MusicFiles)</onclick>
			<visible>StringCompare(System.ProfileName,Master user) + [StringCompare(Window(10000).Property(submenuVisibility),x3)]</visible>
			<property name="isSubmenu">True</property>
			<property name="group">x3</property>
		</item>
		<item id="5">
			<label>$LOCALIZE[24001]</label>
			<label2 />
			<icon>DefaultShortcut.png</icon>
			<thumb />
			<property name="labelID">24001</property>
			<property name="defaultID">24001</property>
			<visible>Library.HasContent(Music)</visible>
			<onclick>ActivateWindow(MusicLibrary,Addons,return)</onclick>
			<visible>StringCompare(System.ProfileName,Master user) + [StringCompare(Window(10000).Property(submenuVisibility),x3)]</visible>
			<property name="isSubmenu">True</property>
			<property name="group">x3</property>
		</item>
		<item id="6">
			<label>$LOCALIZE[14022]</label>
			<label2 />
			<icon>DefaultShortcut.png</icon>
			<thumb />
			<property name="labelID">14022</property>
			<property name="defaultID">14022</property>
			<visible>Library.HasContent(Music)</visible>
			<onclick>ActivateWindow(MusicLibrary,root)</onclick>
			<visible>StringCompare(System.ProfileName,Master user) + [StringCompare(Window(10000).Property(submenuVisibility),x3)]</visible>
			<property name="isSubmenu">True</property>
			<property name="group">x3</property>
		</item>
	</include>
	<include name="skinshortcuts-group-x4">
		<item id="1">
			<label>$LOCALIZE[24001]</label>
			<label2 />
			<icon>DefaultShortcut.png</icon>
			<thumb />
			<property name="labelID">24001</property>
			<property name="defaultID">24001</property>
			<onclick>ActivateWindow(Pictures,Addons,return)</onclick>
			<visible>StringCompare(System.ProfileName,Master user)</visible>
			<property name="group">x4</property>
		</item>
	</include>
	<include name="skinshortcuts-group-alt-x4">
		<item id="1">
			<label>$LOCALIZE[24001]</label>
			<label2 />
			<icon>DefaultShortcut.png</icon>
			<thumb />
			<property name="labelID">24001</property>
			<property name="defaultID">24001</property>
			<onclick>ActivateWindow(Pictures,Addons,return)</onclick>
			<visible>StringCompare(System.ProfileName,Master user) + [StringCompare(Window(10000).Property(submenuVisibility),x4)]</visible>
			<property name="isSubmenu">True</property>
			<property name="group">x4</property>
		</item>
	</include>
	<include name="skinshortcuts-group-x5">
		<item id="1">
			<label>$LOCALIZE[24001]</label>
			<label2 />
			<icon>DefaultShortcut.png</icon>
			<thumb />
			<property name="labelID">24001</property>
			<property name="defaultID">24001</property>
			<onclick>ActivateWindow(AddonBrowser)</onclick>
			<visible>StringCompare(System.ProfileName,Master user)</visible>
			<property name="group">x5</property>
		</item>
		<item id="2">
			<label>$LOCALIZE[20077]</label>
			<label2 />
			<icon>DefaultShortcut.png</icon>
			<thumb />
			<property name="labelID">20077</property>
			<property name="defaultID">20077</property>
			<onclick>ActivateWindow(SkinSettings)</onclick>
			<visible>StringCompare(System.ProfileName,Master user)</visible>
			<property name="group">x5</property>
		</item>
		<item id="3">
			<label>$LOCALIZE[7]</label>
			<label2 />
			<icon>DefaultShortcut.png</icon>
			<thumb />
			<property name="labelID">7</property>
			<property name="defaultID">7</property>
			<onclick>ActivateWindow(FileManager)</onclick>
			<visible>StringCompare(System.ProfileName,Master user)</visible>
			<property name="group">x5</property>
		</item>
		<item id="4">
			<label>$LOCALIZE[13200]</label>
			<label2 />
			<icon>DefaultShortcut.png</icon>
			<thumb />
			<property name="labelID">13200</property>
			<property name="defaultID">13200</property>
			<onclick>ActivateWindow(Profiles)</onclick>
			<visible>StringCompare(System.ProfileName,Master user)</visible>
			<property name="group">x5</property>
		</item>
		<item id="5">
			<label>$LOCALIZE[130]</label>
			<label2 />
			<icon>DefaultShortcut.png</icon>
			<thumb />
			<property name="labelID">130</property>
			<property name="defaultID">130</property>
			<onclick>ActivateWindow(SystemInfo)</onclick>
			<visible>StringCompare(System.ProfileName,Master user)</visible>
			<property name="group">x5</property>
		</item>
	</include>
	<include name="skinshortcuts-group-alt-x5">
		<item id="1">
			<label>$LOCALIZE[24001]</label>
			<label2 />
			<icon>DefaultShortcut.png</icon>
			<thumb />
			<property name="labelID">24001</property>
			<property name="defaultID">24001</property>
			<onclick>ActivateWindow(AddonBrowser)</onclick>
			<visible>StringCompare(System.ProfileName,Master user) + [StringCompare(Window(10000).Property(submenuVisibility),x5)]</visible>
			<property name="isSubmenu">True</property>
			<property name="group">x5</property>
		</item>
		<item id="2">
			<label>$LOCALIZE[20077]</label>
			<label2 />
			<icon>DefaultShortcut.png</icon>
			<thumb />
			<property name="labelID">20077</property>
			<property name="defaultID">20077</property>
			<onclick>ActivateWindow(SkinSettings)</onclick>
			<visible>StringCompare(System.ProfileName,Master user) + [StringCompare(Window(10000).Property(submenuVisibility),x5)]</visible>
			<property name="isSubmenu">True</property>
			<property name="group">x5</property>
		</item>
		<item id="3">
			<label>$LOCALIZE[7]</label>
			<label2 />
			<icon>DefaultShortcut.png</icon>
			<thumb />
			<property name="labelID">7</property>
			<property name="defaultID">7</property>
			<onclick>ActivateWindow(FileManager)</onclick>
			<visible>StringCompare(System.ProfileName,Master user) + [StringCompare(Window(10000).Property(submenuVisibility),x5)]</visible>
			<property name="isSubmenu">True</property>
			<property name="group">x5</property>
		</item>
		<item id="4">
			<label>$LOCALIZE[13200]</label>
			<label2 />
			<icon>DefaultShortcut.png</icon>
			<thumb />
			<property name="labelID">13200</property>
			<property name="defaultID">13200</property>
			<onclick>ActivateWindow(Profiles)</onclick>
			<visible>StringCompare(System.ProfileName,Master user) + [StringCompare(Window(10000).Property(submenuVisibility),x5)]</visible>
			<property name="isSubmenu">True</property>
			<property name="group">x5</property>
		</item>
		<item id="5">
			<label>$LOCALIZE[130]</label>
			<label2 />
			<icon>DefaultShortcut.png</icon>
			<thumb />
			<property name="labelID">130</property>
			<property name="defaultID">130</property>
			<onclick>ActivateWindow(SystemInfo)</onclick>
			<visible>StringCompare(System.ProfileName,Master user) + [StringCompare(Window(10000).Property(submenuVisibility),x5)]</visible>
			<property name="isSubmenu">True</property>
			<property name="group">x5</property>
		</item>
	</include>
	<include name="skinshortcuts-group-x6">
		<item id="1">
			<label>$LOCALIZE[13016]</label>
			<label2 />
			<icon>DefaultShortcut.png</icon>
			<thumb />
			<property name="labelID">13016</property>
			<property name="defaultID">13016</property>
			<onclick>Powerdown()</onclick>
			<visible>StringCompare(System.ProfileName,Master user)</visible>
			<property name="group">x6</property>
		</item>
		<item id="2">
			<label>$LOCALIZE[13013]</label>
			<label2 />
			<icon>DefaultShortcut.png</icon>
			<thumb />
			<property name="labelID">13013</property>
			<property name="defaultID">13013</property>
			<onclick>Reset()</onclick>
			<visible>StringCompare(System.ProfileName,Master user)</visible>
			<property name="group">x6</property>
		</item>
		<item id="3">
			<label>$LOCALIZE[13011]</label>
			<label2 />
			<icon>DefaultShortcut.png</icon>
			<thumb />
			<property name="labelID">13011</property>
			<property name="defaultID">13011</property>
			<onclick>Suspend()</onclick>
			<visible>StringCompare(System.ProfileName,Master user)</visible>
			<property name="group">x6</property>
		</item>
		<item id="4">
			<label>$LOCALIZE[13010]</label>
			<label2 />
			<icon>DefaultShortcut.png</icon>
			<thumb />
			<property name="labelID">13010</property>
			<property name="defaultID">13010</property>
			<onclick>Hibernate()</onclick>
			<visible>StringCompare(System.ProfileName,Master user)</visible>
			<property name="group">x6</property>
		</item>
		<item id="5">
			<label>$LOCALIZE[20126]</label>
			<label2 />
			<icon>DefaultShortcut.png</icon>
			<thumb />
			<property name="labelID">20126</property>
			<property name="defaultID">20126</property>
			<onclick>System.LogOff</onclick>
			<visible>StringCompare(System.ProfileName,Master user)</visible>
			<property name="group">x6</property>
		</item>
		<item id="6">
			<label>$LOCALIZE[13009]</label>
			<label2 />
			<icon>DefaultShortcut.png</icon>
			<thumb />
			<property name="labelID">13009</property>
			<property name="defaultID">13009</property>
			<onclick>Quit</onclick>
			<visible>StringCompare(System.ProfileName,Master user)</visible>
			<property name="group">x6</property>
		</item>
	</include>
	<include name="skinshortcuts-group-alt-x6">
		<item id="1">
			<label>$LOCALIZE[13016]</label>
			<label2 />
			<icon>DefaultShortcut.png</icon>
			<thumb />
			<property name="labelID">13016</property>
			<property name="defaultID">13016</property>
			<onclick>Powerdown()</onclick>
			<visible>StringCompare(System.ProfileName,Master user) + [StringCompare(Window(10000).Property(submenuVisibility),x6)]</visible>
			<property name="isSubmenu">True</property>
			<property name="group">x6</property>
		</item>
		<item id="2">
			<label>$LOCALIZE[13013]</label>
			<label2 />
			<icon>DefaultShortcut.png</icon>
			<thumb />
			<property name="labelID">13013</property>
			<property name="defaultID">13013</property>
			<onclick>Reset()</onclick>
			<visible>StringCompare(System.ProfileName,Master user) + [StringCompare(Window(10000).Property(submenuVisibility),x6)]</visible>
			<property name="isSubmenu">True</property>
			<property name="group">x6</property>
		</item>
		<item id="3">
			<label>$LOCALIZE[13011]</label>
			<label2 />
			<icon>DefaultShortcut.png</icon>
			<thumb />
			<property name="labelID">13011</property>
			<property name="defaultID">13011</property>
			<onclick>Suspend()</onclick>
			<visible>StringCompare(System.ProfileName,Master user) + [StringCompare(Window(10000).Property(submenuVisibility),x6)]</visible>
			<property name="isSubmenu">True</property>
			<property name="group">x6</property>
		</item>
		<item id="4">
			<label>$LOCALIZE[13010]</label>
			<label2 />
			<icon>DefaultShortcut.png</icon>
			<thumb />
			<property name="labelID">13010</property>
			<property name="defaultID">13010</property>
			<onclick>Hibernate()</onclick>
			<visible>StringCompare(System.ProfileName,Master user) + [StringCompare(Window(10000).Property(submenuVisibility),x6)]</visible>
			<property name="isSubmenu">True</property>
			<property name="group">x6</property>
		</item>
		<item id="5">
			<label>$LOCALIZE[20126]</label>
			<label2 />
			<icon>DefaultShortcut.png</icon>
			<thumb />
			<property name="labelID">20126</property>
			<property name="defaultID">20126</property>
			<onclick>System.LogOff</onclick>
			<visible>StringCompare(System.ProfileName,Master user) + [StringCompare(Window(10000).Property(submenuVisibility),x6)]</visible>
			<property name="isSubmenu">True</property>
			<property name="group">x6</property>
		</item>
		<item id="6">
			<label>$LOCALIZE[13009]</label>
			<label2 />
			<icon>DefaultShortcut.png</icon>
			<thumb />
			<property name="labelID">13009</property>
			<property name="defaultID">13009</property>
			<onclick>Quit</onclick>
			<visible>StringCompare(System.ProfileName,Master user) + [StringCompare(Window(10000).Property(submenuVisibility),x6)]</visible>
			<property name="isSubmenu">True</property>
			<property name="group">x6</property>
		</item>
	</include>
	<include name="skinshortcuts-group-x7" />
	<include name="skinshortcuts-group-alt-x7" />
	<include name="skinshortcuts-group-x8" />
	<include name="skinshortcuts-group-alt-x8" />
	<include name="skinshortcuts-group-x9" />
	<include name="skinshortcuts-group-alt-x9" />
	<include name="skinshortcuts-group-x10">
		<item id="1">
			<label>$LOCALIZE[16101]</label>
			<label2 />
			<icon>DefaultShortcut.png</icon>
			<thumb />
			<property name="labelID">16101</property>
			<property name="defaultID">16101</property>
			<onclick>ActivateWindow(Videos,special://skin/extras/Unwatched.xsp,return)</onclick>
			<visible>StringCompare(System.ProfileName,Master user)</visible>
			<property name="group">x10</property>
		</item>
		<item id="2">
			<label>$LOCALIZE[575]</label>
			<label2 />
			<icon>DefaultShortcut.png</icon>
			<thumb />
			<property name="labelID">575</property>
			<property name="defaultID">575</property>
			<onclick>ActivateWindow(Videos,special://skin/extras/InProgress.xsp,return)</onclick>
			<visible>StringCompare(System.ProfileName,Master user)</visible>
			<property name="group">x10</property>
		</item>
		<item id="3">
			<label>$LOCALIZE[31328]</label>
			<label2 />
			<icon>DefaultShortcut.png</icon>
			<thumb />
			<property name="labelID">31328</property>
			<property name="defaultID">31328</property>
			<visible>Library.HasContent(Movies)</visible>
			<onclick>ActivateWindow(Videos,RecentlyAddedMovies,return)</onclick>
			<visible>StringCompare(System.ProfileName,Master user)</visible>
			<property name="group">x10</property>
		</item>
		<item id="4">
			<label>$LOCALIZE[20434]</label>
			<label2 />
			<icon>DefaultShortcut.png</icon>
			<thumb />
			<property name="labelID">20434</property>
			<property name="defaultID">20434</property>
			<visible>Library.HasContent(Movies)</visible>
			<onclick>ActivateWindow(Videos,MovieSets,return)</onclick>
			<visible>StringCompare(System.ProfileName,Master user)</visible>
			<property name="group">x10</property>
		</item>
		<item id="5">
			<label>$LOCALIZE[135]</label>
			<label2 />
			<icon>DefaultShortcut.png</icon>
			<thumb />
			<property name="labelID">135</property>
			<property name="defaultID">135</property>
			<visible>Library.HasContent(Movies)</visible>
			<onclick>ActivateWindow(Videos,MovieGenres,return)</onclick>
			<visible>StringCompare(System.ProfileName,Master user)</visible>
			<property name="group">x10</property>
		</item>
		<item id="6">
			<label>$LOCALIZE[652]</label>
			<label2 />
			<icon>DefaultShortcut.png</icon>
			<thumb />
			<property name="labelID">652</property>
			<property name="defaultID">652</property>
			<visible>Library.HasContent(Movies)</visible>
			<onclick>ActivateWindow(Videos,MovieYears,return)</onclick>
			<visible>StringCompare(System.ProfileName,Master user)</visible>
			<property name="group">x10</property>
		</item>
		<item id="7">
			<label>$LOCALIZE[344]</label>
			<label2 />
			<icon>DefaultShortcut.png</icon>
			<thumb />
			<property name="labelID">344</property>
			<property name="defaultID">344</property>
			<visible>Library.HasContent(Movies)</visible>
			<onclick>ActivateWindow(Videos,MovieActors,return)</onclick>
			<visible>StringCompare(System.ProfileName,Master user)</visible>
			<property name="group">x10</property>
		</item>
		<item id="8">
			<label>$LOCALIZE[10006]</label>
			<label2>Atalho Comum</label2>
			<icon>DefaultVideo.png</icon>
			<thumb />
			<property name="labelID">videos</property>
			<property name="defaultID">videos</property>
			<onclick>ActivateWindow(Videos)</onclick>
			<visible>StringCompare(System.ProfileName,Master user)</visible>
			<property name="group">x10</property>
		</item>
	</include>
	<include name="skinshortcuts-group-alt-x10">
		<item id="1">
			<label>$LOCALIZE[16101]</label>
			<label2 />
			<icon>DefaultShortcut.png</icon>
			<thumb />
			<property name="labelID">16101</property>
			<property name="defaultID">16101</property>
			<onclick>ActivateWindow(Videos,special://skin/extras/Unwatched.xsp,return)</onclick>
			<visible>StringCompare(System.ProfileName,Master user) + [StringCompare(Window(10000).Property(submenuVisibility),x10)]</visible>
			<property name="isSubmenu">True</property>
			<property name="group">x10</property>
		</item>
		<item id="2">
			<label>$LOCALIZE[575]</label>
			<label2 />
			<icon>DefaultShortcut.png</icon>
			<thumb />
			<property name="labelID">575</property>
			<property name="defaultID">575</property>
			<onclick>ActivateWindow(Videos,special://skin/extras/InProgress.xsp,return)</onclick>
			<visible>StringCompare(System.ProfileName,Master user) + [StringCompare(Window(10000).Property(submenuVisibility),x10)]</visible>
			<property name="isSubmenu">True</property>
			<property name="group">x10</property>
		</item>
		<item id="3">
			<label>$LOCALIZE[31328]</label>
			<label2 />
			<icon>DefaultShortcut.png</icon>
			<thumb />
			<property name="labelID">31328</property>
			<property name="defaultID">31328</property>
			<visible>Library.HasContent(Movies)</visible>
			<onclick>ActivateWindow(Videos,RecentlyAddedMovies,return)</onclick>
			<visible>StringCompare(System.ProfileName,Master user) + [StringCompare(Window(10000).Property(submenuVisibility),x10)]</visible>
			<property name="isSubmenu">True</property>
			<property name="group">x10</property>
		</item>
		<item id="4">
			<label>$LOCALIZE[20434]</label>
			<label2 />
			<icon>DefaultShortcut.png</icon>
			<thumb />
			<property name="labelID">20434</property>
			<property name="defaultID">20434</property>
			<visible>Library.HasContent(Movies)</visible>
			<onclick>ActivateWindow(Videos,MovieSets,return)</onclick>
			<visible>StringCompare(System.ProfileName,Master user) + [StringCompare(Window(10000).Property(submenuVisibility),x10)]</visible>
			<property name="isSubmenu">True</property>
			<property name="group">x10</property>
		</item>
		<item id="5">
			<label>$LOCALIZE[135]</label>
			<label2 />
			<icon>DefaultShortcut.png</icon>
			<thumb />
			<property name="labelID">135</property>
			<property name="defaultID">135</property>
			<visible>Library.HasContent(Movies)</visible>
			<onclick>ActivateWindow(Videos,MovieGenres,return)</onclick>
			<visible>StringCompare(System.ProfileName,Master user) + [StringCompare(Window(10000).Property(submenuVisibility),x10)]</visible>
			<property name="isSubmenu">True</property>
			<property name="group">x10</property>
		</item>
		<item id="6">
			<label>$LOCALIZE[652]</label>
			<label2 />
			<icon>DefaultShortcut.png</icon>
			<thumb />
			<property name="labelID">652</property>
			<property name="defaultID">652</property>
			<visible>Library.HasContent(Movies)</visible>
			<onclick>ActivateWindow(Videos,MovieYears,return)</onclick>
			<visible>StringCompare(System.ProfileName,Master user) + [StringCompare(Window(10000).Property(submenuVisibility),x10)]</visible>
			<property name="isSubmenu">True</property>
			<property name="group">x10</property>
		</item>
		<item id="7">
			<label>$LOCALIZE[344]</label>
			<label2 />
			<icon>DefaultShortcut.png</icon>
			<thumb />
			<property name="labelID">344</property>
			<property name="defaultID">344</property>
			<visible>Library.HasContent(Movies)</visible>
			<onclick>ActivateWindow(Videos,MovieActors,return)</onclick>
			<visible>StringCompare(System.ProfileName,Master user) + [StringCompare(Window(10000).Property(submenuVisibility),x10)]</visible>
			<property name="isSubmenu">True</property>
			<property name="group">x10</property>
		</item>
		<item id="8">
			<label>$LOCALIZE[10006]</label>
			<label2>Atalho Comum</label2>
			<icon>DefaultVideo.png</icon>
			<thumb />
			<property name="labelID">videos</property>
			<property name="defaultID">videos</property>
			<onclick>ActivateWindow(Videos)</onclick>
			<visible>StringCompare(System.ProfileName,Master user) + [StringCompare(Window(10000).Property(submenuVisibility),x10)]</visible>
			<property name="isSubmenu">True</property>
			<property name="group">x10</property>
		</item>
	</include>
	<include name="skinshortcuts-group-x11">
		<item id="1">
			<label>$LOCALIZE[4]</label>
			<label2 />
			<icon>DefaultShortcut.png</icon>
			<thumb />
			<property name="labelID">4</property>
			<property name="defaultID">4</property>
			<onclick>RunAddon(script.tv.show.next.aired,return)</onclick>
			<visible>StringCompare(System.ProfileName,Master user)</visible>
			<property name="group">x11</property>
		</item>
		<item id="2">
			<label>$LOCALIZE[575]</label>
			<label2 />
			<icon>DefaultShortcut.png</icon>
			<thumb />
			<property name="labelID">575</property>
			<property name="defaultID">575</property>
			<onclick>ActivateWindow(Videos,library://video/inprogressshows.xml,return)</onclick>
			<visible>StringCompare(System.ProfileName,Master user)</visible>
			<property name="group">x11</property>
		</item>
		<item id="3">
			<label>$LOCALIZE[31328]</label>
			<label2 />
			<icon>DefaultShortcut.png</icon>
			<thumb />
			<property name="labelID">31328</property>
			<property name="defaultID">31328</property>
			<visible>Library.HasContent(TVShows)</visible>
			<onclick>ActivateWindow(Videos,RecentlyAddedEpisodes,return)</onclick>
			<visible>StringCompare(System.ProfileName,Master user)</visible>
			<property name="group">x11</property>
		</item>
		<item id="4">
			<label>$LOCALIZE[135]</label>
			<label2 />
			<icon>DefaultShortcut.png</icon>
			<thumb />
			<property name="labelID">135</property>
			<property name="defaultID">135</property>
			<visible>Library.HasContent(TVShows)</visible>
			<onclick>ActivateWindow(Videos,TVShowGenres,return)</onclick>
			<visible>StringCompare(System.ProfileName,Master user)</visible>
			<property name="group">x11</property>
		</item>
		<item id="5">
			<label>$LOCALIZE[652]</label>
			<label2 />
			<icon>DefaultShortcut.png</icon>
			<thumb />
			<property name="labelID">652</property>
			<property name="defaultID">652</property>
			<visible>Library.HasContent(TVShows)</visible>
			<onclick>ActivateWindow(Videos,TvShowYears,return)</onclick>
			<visible>StringCompare(System.ProfileName,Master user)</visible>
			<property name="group">x11</property>
		</item>
		<item id="6">
			<label>$LOCALIZE[344]</label>
			<label2 />
			<icon>DefaultShortcut.png</icon>
			<thumb />
			<property name="labelID">344</property>
			<property name="defaultID">344</property>
			<visible>Library.HasContent(TVShows)</visible>
			<onclick>ActivateWindow(Videos,TvShowActors,return)</onclick>
			<visible>StringCompare(System.ProfileName,Master user)</visible>
			<property name="group">x11</property>
		</item>
	</include>
	<include name="skinshortcuts-group-alt-x11">
		<item id="1">
			<label>$LOCALIZE[4]</label>
			<label2 />
			<icon>DefaultShortcut.png</icon>
			<thumb />
			<property name="labelID">4</property>
			<property name="defaultID">4</property>
			<onclick>RunAddon(script.tv.show.next.aired,return)</onclick>
			<visible>StringCompare(System.ProfileName,Master user) + [StringCompare(Window(10000).Property(submenuVisibility),x11)]</visible>
			<property name="isSubmenu">True</property>
			<property name="group">x11</property>
		</item>
		<item id="2">
			<label>$LOCALIZE[575]</label>
			<label2 />
			<icon>DefaultShortcut.png</icon>
			<thumb />
			<property name="labelID">575</property>
			<property name="defaultID">575</property>
			<onclick>ActivateWindow(Videos,library://video/inprogressshows.xml,return)</onclick>
			<visible>StringCompare(System.ProfileName,Master user) + [StringCompare(Window(10000).Property(submenuVisibility),x11)]</visible>
			<property name="isSubmenu">True</property>
			<property name="group">x11</property>
		</item>
		<item id="3">
			<label>$LOCALIZE[31328]</label>
			<label2 />
			<icon>DefaultShortcut.png</icon>
			<thumb />
			<property name="labelID">31328</property>
			<property name="defaultID">31328</property>
			<visible>Library.HasContent(TVShows)</visible>
			<onclick>ActivateWindow(Videos,RecentlyAddedEpisodes,return)</onclick>
			<visible>StringCompare(System.ProfileName,Master user) + [StringCompare(Window(10000).Property(submenuVisibility),x11)]</visible>
			<property name="isSubmenu">True</property>
			<property name="group">x11</property>
		</item>
		<item id="4">
			<label>$LOCALIZE[135]</label>
			<label2 />
			<icon>DefaultShortcut.png</icon>
			<thumb />
			<property name="labelID">135</property>
			<property name="defaultID">135</property>
			<visible>Library.HasContent(TVShows)</visible>
			<onclick>ActivateWindow(Videos,TVShowGenres,return)</onclick>
			<visible>StringCompare(System.ProfileName,Master user) + [StringCompare(Window(10000).Property(submenuVisibility),x11)]</visible>
			<property name="isSubmenu">True</property>
			<property name="group">x11</property>
		</item>
		<item id="5">
			<label>$LOCALIZE[652]</label>
			<label2 />
			<icon>DefaultShortcut.png</icon>
			<thumb />
			<property name="labelID">652</property>
			<property name="defaultID">652</property>
			<visible>Library.HasContent(TVShows)</visible>
			<onclick>ActivateWindow(Videos,TvShowYears,return)</onclick>
			<visible>StringCompare(System.ProfileName,Master user) + [StringCompare(Window(10000).Property(submenuVisibility),x11)]</visible>
			<property name="isSubmenu">True</property>
			<property name="group">x11</property>
		</item>
		<item id="6">
			<label>$LOCALIZE[344]</label>
			<label2 />
			<icon>DefaultShortcut.png</icon>
			<thumb />
			<property name="labelID">344</property>
			<property name="defaultID">344</property>
			<visible>Library.HasContent(TVShows)</visible>
			<onclick>ActivateWindow(Videos,TvShowActors,return)</onclick>
			<visible>StringCompare(System.ProfileName,Master user) + [StringCompare(Window(10000).Property(submenuVisibility),x11)]</visible>
			<property name="isSubmenu">True</property>
			<property name="group">x11</property>
		</item>
	</include>
	<include name="skinshortcuts-group-x12">
		<item id="1">
			<label>$LOCALIZE[19024]</label>
			<label2 />
			<icon>DefaultShortcut.png</icon>
			<thumb />
			<property name="labelID">19024</property>
			<property name="defaultID">19024</property>
			<visible>PVR.HasRadioChannels</visible>
			<onclick>ActivateWindow(RadioChannels)</onclick>
			<visible>StringCompare(System.ProfileName,Master user)</visible>
			<property name="group">x12</property>
		</item>
		<item id="2">
			<label>$LOCALIZE[19023]</label>
			<label2 />
			<icon>DefaultShortcut.png</icon>
			<thumb />
			<property name="labelID">19023</property>
			<property name="defaultID">19023</property>
			<visible>PVR.HasTVChannels</visible>
			<onclick>ActivateWindow(TVChannels)</onclick>
			<visible>StringCompare(System.ProfileName,Master user)</visible>
			<property name="group">x12</property>
		</item>
		<item id="3">
			<label>$LOCALIZE[19069]</label>
			<label2 />
			<icon>DefaultShortcut.png</icon>
			<thumb />
			<property name="labelID">19069</property>
			<property name="defaultID">19069</property>
			<visible>PVR.HasTVChannels</visible>
			<onclick>ActivateWindow(TVGuide)</onclick>
			<visible>StringCompare(System.ProfileName,Master user)</visible>
			<property name="group">x12</property>
		</item>
		<item id="4">
			<label>$LOCALIZE[19163]</label>
			<label2 />
			<icon>DefaultShortcut.png</icon>
			<thumb />
			<property name="labelID">19163</property>
			<property name="defaultID">19163</property>
			<visible>PVR.HasTVChannels</visible>
			<onclick>ActivateWindow(TVRecordings)</onclick>
			<visible>StringCompare(System.ProfileName,Master user)</visible>
			<property name="group">x12</property>
		</item>
		<item id="5">
			<label>$LOCALIZE[19040]</label>
			<label2 />
			<icon>DefaultShortcut.png</icon>
			<thumb />
			<property name="labelID">19040</property>
			<property name="defaultID">19040</property>
			<visible>PVR.HasTVChannels</visible>
			<onclick>ActivateWindow(TVTimers)</onclick>
			<visible>StringCompare(System.ProfileName,Master user)</visible>
			<property name="group">x12</property>
		</item>
	</include>
	<include name="skinshortcuts-group-alt-x12">
		<item id="1">
			<label>$LOCALIZE[19024]</label>
			<label2 />
			<icon>DefaultShortcut.png</icon>
			<thumb />
			<property name="labelID">19024</property>
			<property name="defaultID">19024</property>
			<visible>PVR.HasRadioChannels</visible>
			<onclick>ActivateWindow(RadioChannels)</onclick>
			<visible>StringCompare(System.ProfileName,Master user) + [StringCompare(Window(10000).Property(submenuVisibility),x12)]</visible>
			<property name="isSubmenu">True</property>
			<property name="group">x12</property>
		</item>
		<item id="2">
			<label>$LOCALIZE[19023]</label>
			<label2 />
			<icon>DefaultShortcut.png</icon>
			<thumb />
			<property name="labelID">19023</property>
			<property name="defaultID">19023</property>
			<visible>PVR.HasTVChannels</visible>
			<onclick>ActivateWindow(TVChannels)</onclick>
			<visible>StringCompare(System.ProfileName,Master user) + [StringCompare(Window(10000).Property(submenuVisibility),x12)]</visible>
			<property name="isSubmenu">True</property>
			<property name="group">x12</property>
		</item>
		<item id="3">
			<label>$LOCALIZE[19069]</label>
			<label2 />
			<icon>DefaultShortcut.png</icon>
			<thumb />
			<property name="labelID">19069</property>
			<property name="defaultID">19069</property>
			<visible>PVR.HasTVChannels</visible>
			<onclick>ActivateWindow(TVGuide)</onclick>
			<visible>StringCompare(System.ProfileName,Master user) + [StringCompare(Window(10000).Property(submenuVisibility),x12)]</visible>
			<property name="isSubmenu">True</property>
			<property name="group">x12</property>
		</item>
		<item id="4">
			<label>$LOCALIZE[19163]</label>
			<label2 />
			<icon>DefaultShortcut.png</icon>
			<thumb />
			<property name="labelID">19163</property>
			<property name="defaultID">19163</property>
			<visible>PVR.HasTVChannels</visible>
			<onclick>ActivateWindow(TVRecordings)</onclick>
			<visible>StringCompare(System.ProfileName,Master user) + [StringCompare(Window(10000).Property(submenuVisibility),x12)]</visible>
			<property name="isSubmenu">True</property>
			<property name="group">x12</property>
		</item>
		<item id="5">
			<label>$LOCALIZE[19040]</label>
			<label2 />
			<icon>DefaultShortcut.png</icon>
			<thumb />
			<property name="labelID">19040</property>
			<property name="defaultID">19040</property>
			<visible>PVR.HasTVChannels</visible>
			<onclick>ActivateWindow(TVTimers)</onclick>
			<visible>StringCompare(System.ProfileName,Master user) + [StringCompare(Window(10000).Property(submenuVisibility),x12)]</visible>
			<property name="isSubmenu">True</property>
			<property name="group">x12</property>
		</item>
	</include>
	<include name="skinshortcuts-group-x13">
		<item id="1">
			<label>$LOCALIZE[133]</label>
			<label2 />
			<icon>DefaultShortcut.png</icon>
			<thumb />
			<property name="labelID">133</property>
			<property name="defaultID">133</property>
			<visible>Library.HasContent(MusicVideos)</visible>
			<onclick>ActivateWindow(Videos,MusicVideoArtists,return)</onclick>
			<visible>StringCompare(System.ProfileName,Master user)</visible>
			<property name="group">x13</property>
		</item>
		<item id="2">
			<label>$LOCALIZE[135]</label>
			<label2 />
			<icon>DefaultShortcut.png</icon>
			<thumb />
			<property name="labelID">135</property>
			<property name="defaultID">135</property>
			<visible>Library.HasContent(MusicVideos)</visible>
			<onclick>ActivateWindow(Videos,MusicVideoGenres,return)</onclick>
			<visible>StringCompare(System.ProfileName,Master user)</visible>
			<property name="group">x13</property>
		</item>
		<item id="3">
			<label>$LOCALIZE[31328]</label>
			<label2 />
			<icon>DefaultShortcut.png</icon>
			<thumb />
			<property name="labelID">31328</property>
			<property name="defaultID">31328</property>
			<visible>Library.HasContent(MusicVideos)</visible>
			<onclick>ActivateWindow(Videos,RecentlyAddedMusicVideos,return)</onclick>
			<visible>StringCompare(System.ProfileName,Master user)</visible>
			<property name="group">x13</property>
		</item>
		<item id="4">
			<label>$LOCALIZE[652]</label>
			<label2 />
			<icon>DefaultShortcut.png</icon>
			<thumb />
			<property name="labelID">652</property>
			<property name="defaultID">652</property>
			<visible>Library.HasContent(MusicVideos)</visible>
			<onclick>ActivateWindow(Videos,MusicVideoYears,return)</onclick>
			<visible>StringCompare(System.ProfileName,Master user)</visible>
			<property name="group">x13</property>
		</item>
		<item id="5">
			<label>$LOCALIZE[20459]</label>
			<label2 />
			<icon>DefaultShortcut.png</icon>
			<thumb />
			<property name="labelID">20459</property>
			<property name="defaultID">20459</property>
			<visible>Library.HasContent(MusicVideos)</visible>
			<onclick>ActivateWindow(Videos,MusicVideoTags,return)</onclick>
			<visible>StringCompare(System.ProfileName,Master user)</visible>
			<property name="group">x13</property>
		</item>
	</include>
	<include name="skinshortcuts-group-alt-x13">
		<item id="1">
			<label>$LOCALIZE[133]</label>
			<label2 />
			<icon>DefaultShortcut.png</icon>
			<thumb />
			<property name="labelID">133</property>
			<property name="defaultID">133</property>
			<visible>Library.HasContent(MusicVideos)</visible>
			<onclick>ActivateWindow(Videos,MusicVideoArtists,return)</onclick>
			<visible>StringCompare(System.ProfileName,Master user) + [StringCompare(Window(10000).Property(submenuVisibility),x13)]</visible>
			<property name="isSubmenu">True</property>
			<property name="group">x13</property>
		</item>
		<item id="2">
			<label>$LOCALIZE[135]</label>
			<label2 />
			<icon>DefaultShortcut.png</icon>
			<thumb />
			<property name="labelID">135</property>
			<property name="defaultID">135</property>
			<visible>Library.HasContent(MusicVideos)</visible>
			<onclick>ActivateWindow(Videos,MusicVideoGenres,return)</onclick>
			<visible>StringCompare(System.ProfileName,Master user) + [StringCompare(Window(10000).Property(submenuVisibility),x13)]</visible>
			<property name="isSubmenu">True</property>
			<property name="group">x13</property>
		</item>
		<item id="3">
			<label>$LOCALIZE[31328]</label>
			<label2 />
			<icon>DefaultShortcut.png</icon>
			<thumb />
			<property name="labelID">31328</property>
			<property name="defaultID">31328</property>
			<visible>Library.HasContent(MusicVideos)</visible>
			<onclick>ActivateWindow(Videos,RecentlyAddedMusicVideos,return)</onclick>
			<visible>StringCompare(System.ProfileName,Master user) + [StringCompare(Window(10000).Property(submenuVisibility),x13)]</visible>
			<property name="isSubmenu">True</property>
			<property name="group">x13</property>
		</item>
		<item id="4">
			<label>$LOCALIZE[652]</label>
			<label2 />
			<icon>DefaultShortcut.png</icon>
			<thumb />
			<property name="labelID">652</property>
			<property name="defaultID">652</property>
			<visible>Library.HasContent(MusicVideos)</visible>
			<onclick>ActivateWindow(Videos,MusicVideoYears,return)</onclick>
			<visible>StringCompare(System.ProfileName,Master user) + [StringCompare(Window(10000).Property(submenuVisibility),x13)]</visible>
			<property name="isSubmenu">True</property>
			<property name="group">x13</property>
		</item>
		<item id="5">
			<label>$LOCALIZE[20459]</label>
			<label2 />
			<icon>DefaultShortcut.png</icon>
			<thumb />
			<property name="labelID">20459</property>
			<property name="defaultID">20459</property>
			<visible>Library.HasContent(MusicVideos)</visible>
			<onclick>ActivateWindow(Videos,MusicVideoTags,return)</onclick>
			<visible>StringCompare(System.ProfileName,Master user) + [StringCompare(Window(10000).Property(submenuVisibility),x13)]</visible>
			<property name="isSubmenu">True</property>
			<property name="group">x13</property>
		</item>
	</include>
	<include name="skinshortcuts-group-x101" />
	<include name="skinshortcuts-group-alt-x101" />
	<include name="skinshortcuts-group-x202" />
	<include name="skinshortcuts-group-alt-x202" />
	<include name="skinshortcuts-group-x303" />
	<include name="skinshortcuts-group-alt-x303" />
	<include name="skinshortcuts-group-x404" />
	<include name="skinshortcuts-group-alt-x404" />
	<include name="skinshortcuts-group-x50-5" />
	<include name="skinshortcuts-group-alt-x50-5" />
	<include name="skinshortcuts-group-x606" />
	<include name="skinshortcuts-group-alt-x606" />
</includes>
